INPUT,PREDICTION,TRUE
ank,अंक,अंक
anka,अंका,अंक
ankit,अंकित,अंकित
anakon,अनकों,अंकों
ankhon,अंखों,अंकों
ankon,अंकों,अंकों
angkor,अंगकोर,अंकोर
ankor,एंकोर,अंकोर
angaarak,अंगारक,अंगारक
angarak,अंगरक,अंगारक
angraji,अंग्रजी,अंग्रज़ी
angreji,अग्रेजी,अंग्रज़ी
angrzi,अंग्र्जी,अंग्रज़ी
antah,अंतः,अंतः
antaha,अंतःा,अंतः
antarmukh,अंतरमुख,अंतर्मुख
antmurkh,अंत्मूर्ख,अंतर्मुख
antrmukh,अंतर्मुख,अंतर्मुख
andrabee,अंद्रबी,अंद्राबी
andrabi,अंद्रबी,अंद्राबी
andha,अंधा,अंधा
andhapan,अंधपन,अंधापन
andheri,अंधेरी,अंधेरी
ambaani,अंबानी,अंबानी
ambani,अंबानी,अंबानी
akram,अक्रम,अकरम
acapulco,अकापुलकों,अकापुल्को
akapulko,अकापुलको,अकापुल्को
akhand,अखंड,अखंड
akhil,अखिल,अखिल
agavai,अगवाई,अगवाई
agvaai,अगवाई,अगवाई
augustine,अगस्टीन,अगस्टाइन
augustustine,अगस्टसस्नि,अगस्टाइन
agsta,अजस्ता,अगस्ता
agusta,अगुस्ता,अगस्ता
augusta,औगस्ता,अगस्ता
agr,अग्र,अग्र
agra,आग्रा,अग्र
achambha,अचंभा,अचंभा
achanbha,अचंभा,अचंभा
achievement,अचीवेंट,अचीवमेंट
achivement,अछिवेमेंट,अचीवमेंट
acchi,अच्ची,अच्छी
achchi,अच्ची,अच्छी
achhi,अछी,अच्छी
achyut,अच्युत,अच्युत
achhanera,अछानिया,अछनेरा
achnera,अचनेरा,अछनेरा
ajmeedh,अजमीढ,अजमीढ़
ajhar,अज़ार,अजहर
azhar,आझार,अजहर
ajit,अजीत,अजित
agnat,अग्ञात,अज्ञात
agyaat,अज्ञात,अज्ञात
agyat,अज्ञात,अज्ञात
atakta,अटकता,अटकता
atkata,अटकाता,अटकता
atake,अटके,अटके
atke,अटके,अटके
atwaal,अत्वाल,अटवाल
atwal,अत्वल,अटवाल
attahasa,अट्टाहसा,अट्टहास
atthaas,अट्ठास,अट्टहास
atthas,अट्थास,अट्टहास
addon,एडों,अड्डों
athak,अठक,अथक
atharv,अठर्व,अथर्व
atharva,अठर्व,अथर्व
adad,अदाद,अदद
adaani,अदानी,अदाणी
adani,अदानी,अदाणी
advait,अदवैत,अद्वैत
adwait,अदवैत,अद्वैत
advaitvaad,अदवैत्वाद,अद्वैतवाद
advaitwad,अदवैत्वाद,अद्वैतवाद
adhivas,अधिवास,अधिवास
adhiwas,अधिवास,अधिवास
advivas,अद्विवास,अधिवास
adhiik,अधीक,अधीक
adhik,अधिक,अधीक
adhyayanarat,अध्ययन,अध्ययनरत
adhyayanrat,अध्ययनरत,अध्ययनरत
adhyaynrat,अध्ययनरत,अध्ययनरत
anant,अनंत,अनंत
ananti,अनंती,अनंती
angadh,अंगाध,अनगढ़
angarh,अंगरह,अनगढ़
anchahe,अंचाहे,अनचाहे
anthak,अंतक,अनथक
unthak,उंथक,अनथक
anhoni,अन्हों,अनहोनी
anaavashyak,अनावश्यक,अनावश्यक
anavashyak,अनावश्यक,अनावश्यक
anavshyak,अनावश्यक,अनावश्यक
anawashyak,अनावश्यक,अनावश्यक
anik,अनिक,अनिक
anishwarvadi,अनिश्वरवादी,अनीश्वरवादी
anishwarwadi,अनिश्वरवादी,अनीश्वरवादी
anukoltha,अनुकोल्था,अनुकूलता
anukulata,अनुकूलता,अनुकूलता
anukulta,अनुकूलता,अनुकूलता
anuchit,अनुचित,अनुचित
anuprayogi,अनुप्रयोगी,अनुप्रयोगों
anuprayogon,अनुप्रयोगों,अनुप्रयोगों
anupryogon,अनुप्रयोगों,अनुप्रयोगों
anureet,अनुरीत,अनुरीत
anurit,अनुरित,अनुरीत
anuthi,अनुठी,अनूठी
anudit,अनुदित,अनूदित
anyaay,अन्याय,अन्याय
anyay,अन्याय,अन्याय
anyaya,अन्याय,अन्याय
apnani,अपनानी,अपनानी
aparivartanshali,अपरिवर्तनशाली,अपरिवर्तनशील
aparivartansheel,अपरिवर्तनशील,अपरिवर्तनशील
aparivartanshil,अपरिवर्तनशील,अपरिवर्तनशील
apariharya,अपरिहार्य,अपरिहार्य
aprihary,अपरिहार्य,अपरिहार्य
apriyary,अपरियर्य,अपरिहार्य
apavartit,अपवर्तित,अपवर्तित
apvartit,अपवर्तित,अपवर्तित
apvtrit,अपवत्रित,अपवर्तित
apaardarshi,अपारदर्शी,अपारदर्शी
apardarshi,अपरदर्शी,अपारदर्शी
afroj,अफ्रोज,अफरोज
afroz,अफ्रोज,अफरोज
africa,अफ्रीका,अफ्रीका
abbaasi,अब्बासी,अब्बासी
abbasi,अब्बासी,अब्बासी
abhimat,अभिमत,अभिमत
abhishap,अभिषाप,अभिशाप
abhi,अभी,अभी
amjhera,अमहेरा,अमझेरा
amzera,अमजेरा,अमझेरा
amargad,अमरगढ़,अमरगढ़
amargarh,अमरगढ़,अमरगढ़
amarpaal,अमरपाल,अमरपाल
amarpal,अमरपाल,अमरपाल
amarohi,अमरोही,अमरोही
amrohi,अमरोही,अमरोही
amaanat,अमानत,अमानत
amanat,अमानत,अमानत
amanth,अमांत,अमानत
amaanati,अमानती,अमानती
amanathi,अमानाथी,अमानती
amanati,अमानती,अमानती
amavasya,अमावस्य,अमावस्या
amavsya,अमावस्य,अमावस्या
amit,एमिट,अमित
amitao,अमिता,अमिताव
amitav,अमितव,अमिताव
amuk,अमुक,अमुक
amogh,अमोध,अमोघ
ambani,अंबानी,अम्बानी
ayodhyaanaath,अयोध्यानाथ,अयोध्यानाथ
ayodhyanaath,अयोध्यानाथ,अयोध्यानाथ
ayodhyanath,अयोध्यानाथ,अयोध्यानाथ
ayodhyeanath,अयोध्यिंत,अयोध्यानाथ
aradas,अरदस,अरदास
ardaas,अर्दास,अरदास
ardas,अर्दास,अरदास
arabab,अरबाब,अरबाब
arbab,अर्बाब,अरबाब
around,आरोंड,अराउंड
arjent,अर्जेंट,अर्जेंट
urgent,यूर्जेंट,अर्जेंट
arth,अर्थ,अर्थ
artha,अर्था,अर्थ
earth,ईट,अर्थ
earthquake,इर्थटकाके,अर्थक्वेक
arthon,अर्थों,अर्थों
arpit,आर्पित,अर्पित
aryama,आर्यमा,अर्यमा
aryma,आर्यमा,अर्यमा
arymaa,आर्यमा,अर्यमा
alankaar,अलंकार,अलंकार
alankar,अलंकर,अलंकार
alnkaar,अलंकार,अलंकार
alankaaron,अलंकारों,अलंकारों
alankaron,अलंकारों,अलंकारों
alnkaaron,अलंकारों,अलंकारों
alnkaron,अलंकारों,अलंकारों
alagavavadi,अलगाववादी,अलगाववादी
algavvadi,अल्गववादी,अलगाववादी
algavwaadi,अल्गववादी,अलगाववादी
alive,एलीव,अलाइव
alance,एलांस,अलायंस
alayans,अलायन्स,अलायंस
aliance,एलियंस,अलायंस
alind,एलींड,अलिंद
alai,अलाई,अली
ali,एली,अली
alii,एली,अली
alonso,आलोंसो,अलोंसो
aloso,आलोसो,अलोंसो
alphabet,अल्भाबित,अल्फ़ाबेट
alba,आल्बा,अल्बा
avantipur,अवंतीपुर,अवंतिपुर
awantipora,अवंतीपोरा,अवंतिपुर
avaru,आवरू,अवरु
avru,एवरु,अवरु
awaru,आवारु,अवरु
avarodhak,अवरोधक,अवरोधक
avrodhak,अवरोधक,अवरोधक
avrodhk,अवरोधक,अवरोधक
avarnata,अवर्णता,अवर्णता
avarnataa,अवर्णता,अवर्णता
avranta,अवरंट,अवर्णता
avashist,अवशिष्त,अवशिष्ट
avshisht,अवशिष्ट,अवशिष्ट
awashist,अवशिष्त,अवशिष्ट
avasthaayen,अवस्थाएं,अवस्थाएं
avsthaen,अवस्थाएं,अवस्थाएं
avsthayen,अवस्थाएं,अवस्थाएं
awasthaen,अवस्थाएं,अवस्थाएं
avi,एवी,अवि
avika,अविका,अविका
aviral,अविराल,अविरल
avirl,एविरल,अविरल
avishvaasniy,अविश्वासनीय,अविश्वसनीय
avishvasniy,अविश्वासनीय,अविश्वसनीय
avishvasniya,अविश्वासनीय,अविश्वसनीय
avisvasniya,अविस्वासनीय,अविश्वसनीय
aviva,अविवा,अवीवा
avaigyanic,अवैज्ञानिक,अवैज्ञानिक
avaigyanik,अवैज्ञानिक,अवैज्ञानिक
avegyanik,अवेग्ञानिक,अवैज्ञानिक
ashaktataa,अशक्ता,अशक्तता
ashktta,अषक्ता,अशक्तता
asharaphi,अशराफी,अशरफी
ashrafi,अश्रफी,अशरफी
ashariri,अशरीरी,अशरीरी
ashriri,अश्रीरी,अशरीरी
ashrvatath,अश्रवाट्थ,अश्वत्थ
ashvtth,अश्वत्थ,अश्वत्थ
asamaany,असमान्य,असमान्य
asamany,असमान्य,असमान्य
asmanye,असमान्य,असमान्य
asaamnjsy,असामंजस्य,असामंजस्य
asamanjasy,असमंजस्य,असामंजस्य
asamanjasya,असमंजस्य,असामंजस्य
asurakshit,असुरक्षित,असुरक्षित
asurkshit,असुरक्षित,असुरक्षित
aset,असेट,असेट
asset,एसेट,असेट
asvabhavik,अस्वभाविक,अस्वभाविक
aswabhavik,अस्वाभाविक,अस्वभाविक
aswbhavik,असंभाविक,अस्वभाविक
ahirauli,अहिरौली,अहिरौली
item,इतेम,आइटम
items,आइटेंस,आइटम्स
idle,आइडल,आइडल
idol,आईडल,आइडल
icc,आईसीसी,आइसीसी
iso,इसो,आइसो
ipc,आईपीसी,आईपीसी
ipad,इपाद,आईपैड
iris,आईआईएस,आईरिस
ounce,आउंस,आउंस
aakaash,आकाश,आकाश
aakash,आकाश,आकाश
aake,आके,आके
aakhet,आखेत,आखेट
akhet,अखेत,आखेट
aagat,आगत,आगत
aagaman,आगमन,आगमन
aagman,आगमान,आगमन
aagaa,आगा,आग़ा
aagah,आगाह,आग़ा
agha,आगा,आग़ा
aagaashe,आगाशे,आगाशे
aagashe,आगाशे,आगाशे
agashe,अगाशे,आगाशे
aajmaanaa,आजमाना,आजमाना
aajmana,आजमाना,आजमाना
aazmaanaa,आजमाना,आजमाना
aata,आता,आटा
ata,अटा,आटा
atta,अटा,आटा
aatmayen,आत्मयें,आत्माएं
atmaen,आत्मैं,आत्माएं
aadaan,आदान,आदान
aadan,आदन,आदान
aadhaarit,आधारित,आधारित
aadharit,आधारित,आधारित
adharit,अधारित,आधारित
aadheen,आधीन,आधीन
aadhin,आधिन,आधीन
aadhunik,आधुनिक,आधुनिक
aanad,आनाद,आनद
aanand,आनंद,आनद
anand,अनंद,आनद
aapka,आपका,आपका
aapkaa,आपका,आपका
aapadaaaen,आपदाएं,आपदाएं
aapdaein,आपदाएं,आपदाएं
aapdayein,आपदायें,आपदाएं
aabantit,आबांतित,आबंटित
abantit,आबांटीट,आबंटित
aabru,आबरू,आबरू
abaru,आबारू,आबरू
aamdan,आमदन,आमदन
amadan,अमदन,आमदन
aamdani,आमदनी,आमदनी
amadani,अमदानी,आमदनी
aamdi,आमदी,आमदी
amdi,अंडी,आमदी
aamod,आमोड़,आमोद
amod,अमोड़,आमोद
aayenge,आयेंगे,आयेंगे
aayojak,आयोजक,आयोजक
ro,रो,आरओ
rp,आरपी,आरपी
aaraam,आराम,आराम
aaram,आरम,आराम
aram,अरम,आराम
aarushi,आरूशी,आरुषि
arushi,अरुशि,आरुषि
artery,आर्टी,आर्टरी
order,ऑर्डर,आर्डर
aary,आर्य,आर्य
aarya,आर्य,आर्य
arya,आर्य,आर्य
aaryika,आर्यिका,आर्यिका
aryika,आर्यिका,आर्यिका
aarya,आर्य,आर्यो
arya,आर्य,आर्यो
aryo,आर्यो,आर्यो
aaryan,आर्यन,आर्यों
arya,आर्य,आर्यों
aryon,आर्योन,आर्यों
aalsi,आलसी,आलसी
alasi,अलासी,आलसी
aalochak,आलोचक,आलोचक
alochak,आलोचक,आलोचक
aalochakon,आलोचकों,आलोचकों
alochakon,आलोचकों,आलोचकों
aalha,आल्हा,आल्हा
aalhaa,आल्हा,आल्हा
alha,अल्हा,आल्हा
allah,अल्लाह,आल्हा
aawaazen,आवाजें,आवाज़ें
aawajen,आवाजें,आवाज़ें
awaazen,आवाजें,आवाज़ें
awazen,आवाजें,आवाज़ें
aawajon,आवाजों,आवाज़ों
aawazon,आवाजों,आवाज़ों
awaazon,आवाजों,आवाज़ों
awazon,आवाजों,आवाज़ों
aavishakaar,आविष्कार,आविष्कार
aavishkaar,आविष्कार,आविष्कार
avishkar,अविष्कार,आविष्कार
aavriti,आवृति,आवृत्ति
aavritti,आवृत्ति,आवृत्ति
avuti,अवुती,आवृत्ति
aavritiyon,आवृतियों,आवृत्तियों
aavrittiyon,आवृत्तियों,आवृत्तियों
avrutiyon,अवृतियों,आवृत्तियों
aashanka,आशंका,आशंका
ashanka,आशंका,आशंका
aashriton,आश्रितों,आश्रितों
ashriton,अश्रितों,आश्रितों
aasaan,आसान,आसान
aasan,आसन,आसान
asan,असन,आसान
aastik,आस्तिक,आस्तिक
astik,अस्तिक,आस्तिक
aasteen,आसतीन,आस्तीन
aastin,आस्तिन,आस्तीन
astin,अस्टिन,आस्तीन
aahnaan,आह्नान,आह्नान
aahnan,आह्नान,आह्नान
ahyan,आह्वान,आह्नान
england,इंग्लैंड,इंग्लैंड
engineer,इंजीनियर,इंजिनियर
introduction,इंट्रोरूक्चियों,इंट्रोडक्शन
insurance,इनसुरेंस,इंश्योरेंस
ear,इयर,इअर
eyer,आईर,इअर
eon,ईओन,इआन
iaan,आईएन,इआन
ekattha,इकट्ठा,इकट्ठा
ikattha,इकट्ठा,इकट्ठा
ekatthi,इकट्ठी,इकठ्ठी
ekthi,इक्थी,इकठ्ठी
ikatthi,इकट्ठी,इकठ्ठी
ekaee,इकाई,इकाई
ikai,इकाई,इकाई
ekaeyon,एकाइयों,इकाईयों
ikaiyon,इकाईयों,इकाईयों
ikarion,इकरियों,इकाईयों
economic,इकॉनोमिक,इकोनोमिक
ecuador,इकुअडोर,इक्वाडोर
equador,इक्वाडोर,इक्वाडोर
equities,इक्विटीज,इक्विटीज
ikvitija,इकवितिजा,इक्विटीज
ijaajat,इजाज़त,इजाजत
ijajat,इज़ाजत,इजाजत
inhalation,इन्हेलतियों,इनहेलेशन
inhaletion,इन्हेलेशन,इनहेलेशन
ibija,इबिजा,इबीजा
ibiza,इबिजा,इबीजा
imaging,इमैजिंग,इमेजिंग
immune,इमून,इम्युन
elaichi,इलाचि,इलाइची
ilaichi,इलाइची,इलाइची
ilayachi,इलायची,इलाइची
ilayichi,इलाईची,इलाइची
elaaj,इलाज,इलाज
ilaaj,इलाज,इलाज
ilaj,इलाज़,इलाज
ishaak,इशाक,इशाक
ishaaq,इशाक,इशाक
ishak,इशाक,इशाक
ishaara,इशारा,इशारा
ishaaraa,इशारा,इशारा
ishara,इशारा,इशारा
ishita,इशिता,इशिता
isht,इष्ट,इष्ट
isteefe,इस्तीफ,इस्तीफे
istife,इस्तीफ,इस्तीफे
ea,इए,ईए
ia,आईए,ईए
eater,ईटर,ईटर
iter,इतेर,ईटर
email,इमेल,ईमेल
emailon,इमेलों,ईमेलों
emelon,इमिलों,ईमेलों
evening,इवनिंग,ईवनिंग
east,ईस्ट,ईष्ट
ishat,इश्ट,ईष्ट
isht,इष्ट,ईष्ट
isaaiyon,इसाईयों,ईसाइयों
isaiyon,इसाईयों,ईसाइयों
isayiyon,इसाईयों,ईसाइयों
ikhrul,इखरूल,उखरुल
ukhrool,उखरूल,उखरुल
ukhrul,उखरूल,उखरुल
uchhalane,उच्चलने,उछालने
uchhalne,उच्चलने,उछालने
ujback,उज़ैकेक,उज़्बेक
uzbek,उज़्बेक,उज़्बेक
uthane,उठाने,उठने
uthne,उठने,उठने
uthaakar,उठाकर,उठाकर
uthakar,उठकर,उठाकर
uthaapatak,उठापतक,उठापटक
uthapatak,उठपतक,उठापटक
uthen,उठाएं,उठें
udaan,उड़ान,उड़ान
udan,उड़न,उड़ान
udaanaa,उड़ना,उड़ाना
udana,उड़ना,उड़ाना
udaane,उड़ने,उड़ाने
udane,उड़ने,उड़ाने
udaanen,उड़नने,उड़ानें
udanen,उड़नें,उड़ानें
udaanon,उड़ानों,उड़ानों
udanon,उड़नों,उड़ानों
utane,उतने,उतने
utaney,उतने,उतने
utne,उतने,उतने
uttara,उत्तरा,उत्तरा
uttra,उत्तरा,उत्तरा
utpan,उत्पन,उत्पन
udant,उड़त,उदंत
udghosh,उद्घोष,उदघोष
udar,उड़ार,उदर
uda,उड़ा,उदा
udaa,उड़ा,उदा
udakishuganj,उड़किशगांज,उदाकिशुनगंज
udakishunganj,उड़किशंगंग्ञ,उदाकिशुनगंज
unatees,उनातीस,उनतीस
untees,उनतीस,उनतीस
uniyal,यूनियाल,उनियाल
upadraviyon,उपद्रवियों,उपद्रवियों
updravion,उपद्रवियों,उपद्रवियों
updraviyon,उपद्रवियों,उपद्रवियों
upadravi,उपद्रवी,उपद्रवी
updravi,उपद्रवी,उपद्रवी
upadrawon,उपद्रवों,उपद्रवों
updravon,उपद्रवों,उपद्रवों
upneta,उपनेता,उपनेता
upabhokta,उपभोकता,उपभोक्ता
upbhokta,उपभोकता,उपभोक्ता
uplaksh,उपलक्ष,उपलक्ष्य
uplakshay,उपलक्षय,उपलक्ष्य
uplakshya,उपलक्ष्य,उपलक्ष्य
uplabdh,उपलब्ध,उपलब्ध
uplabdhiyon,उपलब्भियों,उपलब्धियों
uplabdhi,उपलब्धी,उपलब्धी
upakhyaanon,उपख्यानों,उपाख्यानों
upakhyanon,उपख्यानों,उपाख्यानों
ubuntu,उबुनटू,उबंटू
ubaal,उबाल,उबाल
ubal,उबल,उबाल
ubhaara,उभारा,उभारा
ubhara,उभरा,उभारा
umanath,उमनाथ,उमानाथ
umesh,उम्मेश,उमेश
urf,यूआर्फ,उर्फ
urfa,यूर्फा,उर्फ
urff,यूआरफफ,उर्फ
urvarakon,उर्वरकों,उर्वरकों
urvarkon,उर्वरकों,उर्वरकों
urwarakon,उर्वरकों,उर्वरकों
urvarata,उर्वरता,उर्वरता
urvarta,उर्वर्ता,उर्वरता
urwarta,उर्वरता,उर्वरता
ulate,उलते,उलटे
ulte,उल्टे,उलटे
ulahana,उलहाना,उलाहना
ulahna,उलाहना,उलाहना
ulema,उल्मेमा,उलेमा
ulemaon,उल्मेमाओं,उलेमाओं
usak,उसक,उसक
usaki,उसकी,उसकी
uski,उसकी,उसकी
usmein,उस्में,उसमें
usmen,उस्में,उसमें
usi,उसी,उसी
ustara,उस्तरा,उस्तरा
udharv,उधर्व,ऊर्ध्व
udhrva,उधरवा,ऊर्ध्व
urdhav,उर्धव,ऊर्ध्व
ushma,उषम,ऊष्मा
rishicool,रिशिकुल,ऋषिकुल
rishikul,रिशिकुल,ऋषिकुल
rushikul,ऋषिकुल,ऋषिकुल
enzyme,ऐंजयम,एंजाइम
anton,अंटों,एंटोन
entone,ऐंटोन,एंटोन
antoni,अंटोनी,एंटोनी
antony,एंटोनी,एंटोनी
endometrial,एंडोमेट्रियल,एंडोमेट्रियल
andreas,एंड्रीज,एंड्रियास
als,एल्स,एएलएस
asi,आसी,एएसआई
eksaath,एकसाठ,एकसाथ
eksath,एकसात,एकसाथ
ekaki,एकाकी,एकाकी
xm,एक्सएम,एक्सएम
egmor,एग्मोर,एगमोर
egmore,एग्मोर,एगमोर
aj,एज,एजे
agende,अगेंडे,एजेंडे
adp,एडीपी,एडीपी
adain,अदैन,एडेन
aden,आदेन,एडेन
edan,एडान,एडेन
addi,एडी,एड्डी
eddi,ईड्डी,एड्डी
eddie,एडी,एड्डी
eddy,एडी,एड्डी
apj,अपज,एपीजे
ftii,फ्टी,एफटीआईआई
abbott,अब्बत,एबट
abut,आबूट,एबट
ebt,ईब्ट,एबट
abvp,अबर्पी,एबीवीपी
abbot,एब्बोट,एबोट
abbott,अब्बत,एबोट
mta,मटा,एमटीए
mtake,मटेक,एमटेक
mtec,एमैक,एमटेक
mtech,मैक,एमटेक
emerald,एमरेल्ड,एमरल्ड
emrald,एमराल्ड,एमरल्ड
emil,एमिल,एमिल
emile,इमिल,एमिल
emily,इमिली,एमिल
amy,एमी,एमी
emi,ईमी,एमी
airway,एयरवे,एयरवे
eyarave,एयरवे,एयरवे
eyarve,एयरव,एयरवे
error,एरर,एरर
arica,आरिका,एरिका
erica,एरिका,एरिका
erika,एरिका,एरिका
aerobic,एयरोबिक,एरोबिक
aerobics,एयरोबिक्स,एरोबिक
lte,लटी,एलटीई
lti,एलटी,एलटीई
allergic,एलर्जिक,एलर्जिक
eliminator,एलिमिनेटर,एलिमिनेटर
aliens,एलींस,एलियंस
alliance,एलायंस,एलियंस
asian,एशियाई,एशियन
sfc,एसीएफसी,एसएफसी
sk,एसके,एसके
spf,स्पीएफ,एसपीएफ
association,एसोसिएसन,एसोसिएशन
astar,अस्तर,एस्टर
aster,अस्टर,एस्टर
ester,एस्टर,एस्टर
aesthetics,एस्थेतिक्स,एस्थेटिक
asthetic,एस्थेतिक,एस्थेटिक
asfalt,अफफॉल्ट,एस्फाल्ट
asphalt,अस्फालत,एस्फाल्ट
asphault,असुभियर्ट,एस्फाल्ट
ahsaas,अहसास,एहसास
ehsaas,एहसास,एहसास
ehsas,एहसास,एहसास
aisa,एसा,एेसा
eesa,ईशा,एेसा
ainth,ऐंठ,ऐंठ
end,ऐंड,ऐंठ
enth,ऐंठ,ऐंठ
ainthey,ऐंठे,ऐंठे
enthe,ऐंदे,ऐंठे
aithan,ऐंठन,ऐठन
ethan,ईथन,ऐठन
ethhan,इथान,ऐठन
ail,ऐल,ऐल
el,इल,ऐल
alaps,अलप्प,ऐल्प्स
alps,एल्प्स,ऐल्प्स
aise,ऐसे,ऐसे
oxide,ऑक्सीड,ऑक्साइड
oxy,ऑक्सी,ऑक्सी
offers,ऑफर्स,ऑफर्स
offshor,ऑफिशर,ऑफशोर
offshore,ऑफिशर,ऑफशोर
official,ऑफिसियल,ऑफिशियल
okalahoma,ओकलाहोमा,ओकलाहोमा
oklahoma,ओकलाहमा,ओकलाहोमा
oklahoma,ओकलाहमा,ओक्लाहोमा
ot,ओटी,ओत
opel,ओपेल,ओपेल
obrayan,ओर्रायन,ओब्रायन
obrien,ओर्यन,ओब्रायन
oran,ओरान,ओरण
orian,ऑरियन,ओरियन
orion,ऑरियन,ओरियन
olavrishti,ओलावृष्टि,ओलावृष्टि
ovum,ओवूम,ओवम
owem,ऑवम,ओवम
oceanic,ऑसीनिक,ओशनिक
osaka,ओसाका,ओसाका
auchity,ऑचिटी,औचित्य
auchitya,औछित्या,औचित्य
audhyogikaran,औद्योगिकरण,औद्योगिकरण
audyogikarana,औद्योगिकरण,औद्योगिकरण
audyogikikaran,औद्योगिकिकरण,औद्योगिकरण
aurangabad,औरंगाबाद,औरंगाबाद
aurora,औरोरा,औरोरा
aulakh,औलख,औलख
kankad,कांकड़,कंकड़
kankar,कांकर,कंकड़
kankad,कांकड़,कंकर
kankar,कांकर,कंकर
kangan,कांगाण,कंगन
conjunction,कुंजुन्टियों,कंजंक्शन
contemporary,कंटमपोर्री,कंटेम्पररी
kanthahar,कांठाहर,कंठहार
kanthhar,कांठार,कंठहार
composer,कंपोजर,कंपोजर
kambalon,कांबलों,कंबलों
kanblon,कांबलों,कंबलों
consultant,कंसलटेंट,कंसलटेंट
kakkad,कक्कड़,कक्कड़
kakkar,कक्कर,कक्कड़
kacche,कच्चे,कच्चे
kachche,कच्चे,कच्चे
karta,करता,कटरा
katra,कतरा,कटरा
cutlery,कटलरी,कटलरी
katlari,कत्लारी,कटलरी
katlary,कत्लार्य,कटलरी
katasaraj,कटासराज,कटासराज
kathfodave,कठगोदावे,कठफोड़वे
kathfodve,कठगोद्वे,कठफोड़वे
kathor,कठोर,कठोर
kathore,कठोरे,कठोर
kanika,कनिका,कणिका
kathai,कठाई,कत्थई
katthai,कट्ठाई,कत्थई
katthaii,कट्ठाई,कत्थई
convention,कन्वेशन,कनवेंशन
canals,कनाल्स,कनाल
kanaal,कनाल,कनाल
kanal,कनाल,कनाल
kanindham,कनिंधम,कनिंघम
kaningham,कनिंघम,कनिंघम
kanishthika,कनिष्ठिका,कनिष्ठिका
kanishthikaa,कनिष्ठिका,कनिष्ठिका
kanishtika,कनिष्टिका,कनिष्ठिका
kanyaayen,कन्याएं,कन्याएं
kanyaein,कन्याएं,कन्याएं
kanyayen,कन्याएं,कन्याएं
convention,कन्वेशन,कन्वेंशन
convocation,कन्वोकेशन,कन्वोकेशन
cup,कप,कप
kap,कप,कप
kapda,कपदा,कपड़ा
kpada,कपाड़ा,कपड़ा
kapdo,कपदो,कपड़ो
kapdon,कपदों,कपड़ो
kaping,कपींग,कपिंग
kping,कीपिंग,कपिंग
kapolkalpana,कपोलकल्पना,कपोलकल्पना
kabaddi,कबद्दी,कबड्डी
kabr,कबर,कब्र
kabra,कबरा,कब्र
kabren,कबरें,कब्रें
kabron,कबरों,कब्रों
kamjor,कमजोर,कमज़ोर
kamzor,कमजोर,कमज़ोर
kamatar,कमाटर,कमतर
kamtar,कामतर,कमतर
kalamjeet,कलमजीत,कमलजीत
kamaljeet,कमलजीत,कमलजीत
kamaauu,कमाऊ,कमाऊ
kamau,कमाउ,कमाऊ
kamaate,कमाटे,कमाते
kamate,कमाटे,कमाते
kamere,कमेरे,कमेरे
kmere,कमेरे,कमेरे
karanj,करणज,करंज
kranj,क्रांज,करंज
karanjiya,करणजीय,करंजिया
kardhe,कार्धे,करघे
karghe,कारघे,करघे
karachana,कराचना,करछना
karchhana,कर्चना,करछना
karna,करना,करना
karpatri,कार्पत्री,करपात्री
karam,करम,करम
karoor,करूर,करूर
karur,करुर,करूर
karnataka,करनातका,कर्नाटका
karvi,करवी,कर्वी
kurvi,कुर्वी,कर्वी
kalmein,कलमें,कलमें
kalmen,कलमेन,कलमें
kalraj,कलराज,कलराज
kalika,कालिका,कलिका
kalpanaon,कल्पनाओं,कल्पनाओं
kalpnaon,कल्पनाओं,कल्पनाओं
kavvaliyon,काव्वालियों,कव्वालियों
qawwaliyon,क़व्वालियों,कव्वालियों
kavvali,काव्वाली,कव्वाली
qawwali,क़व्वाली,कव्वाली
kashton,काष्टों,कष्टों
kasarat,कसरत,कसरत
kasrat,कसरत,कसरत
kasara,कसरा,कसारा
kasida,कसीदा,कसीदा
kahane,कहाने,कहने
kahne,कहने,कहने
kahlaya,कहलाया,कहलाया
kahaniyon,कहानियों,कहानियों
kile,किले,क़िले
kanji,कंजी,कांजी
cant,कैंट,कांट
kant,कांट,कांट
kanti,कांती,कांति
kakoo,काकू,काकू
kaku,काकू,काकू
kaagaj,कागज,कागज़
kaagaz,कागज,कागज़
kagaj,कागज,कागज़
kagaz,कागज,कागज़
kaaji,काजी,काजी
kaji,काजी,काजी
kazi,काजी,काजी
qazi,काजी,काजी
kajoo,कजू,काजू
kaju,काजू,काजू
kapadi,कपड़ी,कापड़ी
kapdi,कपड़ी,कापड़ी
kamraj,कामराज,कामराज
kamottejana,कामोटेजना,कामोत्तेजना
kamottejna,कामोटेजना,कामोत्तेजना
kailana,कैलना,कायलाना
kaylana,कायलना,कायलाना
carfi,कार्फी,कार्की
karki,कर्की,कार्की
kartik,कारतिक,कार्तिक
karyakartaon,कार्यकार्ताओं,कार्यकर्ताओं
karykartaaon,कार्यकार्ताओं,कार्यकर्ताओं
karykartaon,कार्यकार्ताओं,कार्यकर्ताओं
karyabhar,कार्यभार,कार्यभार
karybhar,कार्यभार,कार्यभार
karyarat,कार्यरत,कार्यरत
karyrat,कार्यरात,कार्यरत
kaalpi,काल्पी,कालपी
kalapi,कलापि,कालपी
kalpi,कल्पी,कालपी
kalika,कालिका,कालिका
kalighat,कालीघाट,कालीघाट
coldvel,कोल्डवल,काल्डवेल
kaldvel,कल्दवेल,काल्डवेल
kaldwell,कल्डवेल,काल्डवेल
kaav,काव,काव
kav,काव,काव
kaasht,काष्ट,काश्त
kasht,काष्ठ,काश्त
kasim,कसिम,कासिम
qasim,कासिम,कासिम
kasimabad,कसिमाबाद,कासिमाबाद
kiya,किया,किया
kiliyan,किलियां,किलियन
killat,किल्लत,किल्लत
killi,किल्ली,किल्ली
kisaani,किसानी,किसानी
kisani,किसनी,किसानी
kisanon,किसनों,किसानों
keede,कीड़े,कीड़े
kide,किदे,कीड़े
keynote,कीनोट,कीनोट
kinote,किनोट,कीनोट
kiratpur,किरतपुर,कीरतपुर
kundal,कुंडल,कुंडल
kundaliya,कुंडलिया,कुंडलियाँ
kundaliyan,कुंडलियां,कुंडलियाँ
kutta,कुत्ता,कुत्ता
kuposhit,कुपोशित,कुपोषित
kumau,कुमाउ,कुमाऊ
kumavat,कुमावत,कुमावत
kumawat,कुमावत,कुमावत
kural,कुरल,कुराल
kurmi,कुर्मी,कुर्मी
kursiyon,कुर्सियों,कुर्सियों
kush,कुश,कुश
kushaan,कुशान,कुषाण
kushan,कुशान,कुषाण
kusumalataa,कुसुमालता,कुसुमलता
kusumalta,कुसुमालता,कुसुमलता
kusumlata,कुसुमलता,कुसुमलता
koot,कूट,कूट
kut,कुट,कूट
kritika,कृतिका,कृतिका
kpo,कपो,केपीओ
canterbari,कैंटरबरी,कैंटरबरी
canterbury,कैंटरबरी,कैंटरबरी
candidate,कैंडीदाते,कैंडिडेट
katrina,कतरीना,कैटरीना
caitlyn,कैटलाइन,कैटलिन
cateline,कैटेलिन,कैटलिन
catlin,कैटलिन,कैटलिन
cadmium,कैडमियम,कैडमियम
catholic,कैथलिक,कैथोलिक
catholicon,कैथलिकों,कैथोलिकों
kaetholikon,कैथोलिकों,कैथोलिकों
capacitor,कैपेक्टर,कैपेसिटर
carat,काराट,कैरेट
cavity,केविटी,कैविटी
cavalry,केवली,कैवेलरी
kaivelari,कैवेलरी,कैवेलरी
complex,कंप्लेक्स,कॉम्प्लेक्स
kocchi,कोची,कोच्चि
kochi,कोची,कोच्चि
corridor,कॉरिडोर,कोरिडोर
corolla,कोरोल,कोरोला
korola,कोरोला,कोरोला
caolan,कॉलन,कोलन
colan,कोलन,कोलन
colon,कलों,कोलन
calling,कॉलिंग,कोलिंग
koling,कोलिंग,कोलिंग
colorado,कलरा,कोलोराडो
kolorado,कोलोरा,कोलोराडो
kaushal,कौशल,कौशल
kaushalata,कौशलता,कौशलता
kaushalta,कौशलता,कौशलता
kaushambi,कौशंबी,कौशाम्बी
cute,कट,क्यूट
quete,क्वेट,क्यूट
cube,क्यूब,क्यूब
cubeck,क्यूबेक,क्यूबेक
quebec,क्वेबेक,क्यूबेक
cubes,क्यूब्स,क्यूब्स
krantiyon,क्रांतियों,क्रांतियों
cric,क्रिक,क्रिक
crick,क्रिक,क्रिक
cricket,क्रिकेट,क्रिकेट
cricketer,क्रिकेटर,क्रिकेटर
cricketing,क्रिकेटिंग,क्रिकेटिंग
kriyayog,क्रियायोग,क्रियायोग
christian,क्रिस्चियन,क्रिश्चयन
kruger,क्रूजर,क्रूगर
craig,क्रेज,क्रेग
creg,क्रेज,क्रेग
cradle,क्रैडल,क्रैडल
chrom,क्रोम,क्रोम
chrome,क्रोम,क्रोम
client,क्लाइंट,क्लांइट
clock,क्लॉक,क्लाक
clasen,क्लेसन,क्लासें
classen,क्लासेन,क्लासें
classon,क्लासों,क्लासों
clay,क्लाई,क्ले
claris,क्लारिस,क्लेरिस
cleris,क्लरिस,क्लेरिस
clerys,क्लरिस,क्लेरिस
quantico,क्वांटिको,क्वांटिको
queens,क्वींस,क्वींस
kshitij,क्षितिज,क्षितिज
shitij,शीतिज,क्षितिज
kshin,क्षिन,क्षीण
shin,शीन,क्षीण
kshetron,क्षेत्रों,क्षेत्रों
shetron,क्षेत्रों,क्षेत्रों
khand,खंड,खंडा
khanda,खंडा,खंडा
khachakhach,खचाखाचाच,खचाखच
khajarana,खजारना,खजराना
khajraana,खजराना,खजराना
khajrana,खजराना,खजराना
khatakati,खताकती,खटकती
khatakti,खतकती,खटकती
kihatkati,किहातकती,खटकती
khattapan,खट्तापन,खट्टापन
khat,खात,खत
khani,खनी,खनि
khanik,खनिक,खनिक
khanikarm,खनिकर्म,खनिकर्म
khanikarma,खनिकर्मा,खनिकर्म
khanikarmi,खनिकर्मी,खनिकर्म
khapat,खपट,खपत
khariya,खरिया,खरिया
khalnayak,खलनायक,खलनायक
khaaskar,खासकर,ख़ासकर
khaskar,खासकर,ख़ासकर
khaastaur,खासतौर,ख़ासतौर
khastaur,खासतौर,ख़ासतौर
khaibar,खैबर,ख़ैबर
khyber,खैबर,ख़ैबर
khaein,खाएं,खाएं
khaen,खाएं,खाएं
khayen,खाएं,खाएं
khaate,खाते,खाते
khaatey,खाते,खाते
khate,खाते,खाते
khal,खाल,खाल
khinchakar,खींचकर,खिंचकर
khinchkar,खींचकर,खिंचकर
khilana,खिलना,खिलाना
khinchkar,खींचकर,खींचकर
khuda,खुदा,खुदा
khudai,खुदाई,खुदाई
khurapka,खुरापका,खुरपका
khurpaka,खुरपका,खुरपका
khurasan,खुरासन,खुरासान
khushiyan,खुश्यां,खुशियां
khene,खेने,खेने
khaini,खैनी,खैनी
khairati,खैराती,खैराती
khoikhoi,खोखोई,खोईखोई
khoya,खोया,खोया
gangrel,गंगरेल,गंगरेल
gangaajal,गंगाजल,गंगाजल
gangajal,गंगाजला,गंगाजल
gandaki,गंदाकी,गंडकी
gandki,गंधिकी,गंडकी
gandh,गंध,गंध
gandha,गंधा,गंध
gae,गाई,गए
gaye,गाये,गए
gajara,गजरा,गजरा
gajra,गजरा,गजरा
gadkar,गड़कर,गडकर
ganapati,गणपती,गणपति
ganpati,गणपती,गणपति
gatisheel,गतिशील,गतिशील
gatishil,गतिशील,गतिशील
gatishilata,गतिशीलता,गतिशीलता
gadadhar,गादाधार,गदाधर
gammat,गम्मत,गम्मत
gaya,गाया,गया
garibi,गरिबी,गरीबी
garjana,गर्जना,गर्जना
galgand,गलगंड,गलगंड
gahmagahmi,गहमगहमी,गहमागहमी
gemhagehmi,गेमहाहेहमी,गहमागहमी
ganguly,गंगुली,गांगुली
gaanth,गांठ,गांठ
ganth,गंथ,गांठ
gaanthe,गांठे,गांठे
ganthe,गंथे,गांठे
ganthen,गंथें,गांठें
ganthon,गंथों,गांठों
gaen,गाएं,गाएं
gayen,गायें,गाएं
gazi,गाजी,गाज़ी
gajipur,गजीपुर,गाजीपुर
gazipur,गाज़ीपुर,गाजीपुर
gayatri,गायत्री,गायत्री
gayitri,गायित्री,गायत्री
gaytri,गायत्री,गायत्री
gidgidate,गिदगिडेट,गिड़गिड़ाते
ginate,गिनते,गिनते
ginte,गिनते,गिनते
girkar,गिरकर,गिरकर
girijaghar,गिरिजाघर,गिरजाघर
girjaghar,गिरजाघर,गिरजाघर
girijagharon,गिरिजाघरों,गिरजाघरों
girjagharon,गिरजाघरों,गिरजाघरों
girati,गिराती,गिरती
girti,गिरती,गिरती
girish,गिरिश,गिरीश
guan,ग्वान,गुआन
gujar,गुजर,गुजार
gujarata,गुजराता,गुजारता
gujarta,गुजरता,गुजारता
gujarate,गुजराते,गुजारते
gujarte,गुजरते,गुजारते
gujarana,गुजरना,गुजारना
gujarna,गुजरना,गुजारना
gujara,गुजरा,गुजारा
gujare,गुजरे,गुजारे
gutta,गुट्ता,गुट्टा
gthalidar,ग्थालिदार,गुठलीदार
guthalidar,गुथलिदार,गुठलीदार
gudna,गुड़ना,गुदना
gumaan,गुमान,गुमान
guman,गुमान,गुमान
gulshan,गुलशान,गुलशन
gunga,गुणगा,गूंगा
grihnagar,गृहणगर,गृहनगर
gruhnagar,गृहनागर,गृहनगर
galaxion,गैलेशन,गैलेक्सियों
galaxiyon,गैलेक्शियों,गैलेक्सियों
galaxyon,गैलेश्यों,गैलेक्सियों
gochar,गोचार,गोचर
gouchar,गोचर,गोचर
godara,गोडाड़ा,गोदारा
gopichand,गोपीचंद,गोपीचंद
gomake,गोमके,गोमके
gomke,गोमके,गोमके
goel,गोल,गोयल
goyal,गोयल,गोयल
gosvaami,गोस्वामी,गोस्वामी
gosvami,गोस्वामी,गोस्वामी
goswami,गोस्वामी,गोस्वामी
gaumukh,गौमुख,गौमुख
gomukh,गोमुख,गौमुख
gaumutr,गौमूत्र,गौमूत्र
gaumutra,गौमूत्र,गौमूत्र
gowmutra,गोवमत्र,गौमूत्र
granthiyaan,ग्रांथियां,ग्रंथियां
granthiyan,ग्रांथियां,ग्रंथियां
grandhiyon,ग्रांधियों,ग्रंथियों
granthiyon,ग्रांथियों,ग्रंथियों
greest,ग्रीस्ट,ग्रीस्ट
greist,ग्रेस्ट,ग्रीस्ट
grist,ग्रीस्ट,ग्रीस्ट
greg,ग्रेग,ग्रेग
granite,ग्रानिट,ग्रेनाइट
grenite,ग्रेनिट,ग्रेनाइट
grandson,ग्रांडसों,ग्रैंडसन
gross,ग्रोस,ग्रॉस
ghataatop,घटातोप,घटाटोप
ghatatop,घटातोप,घटाटोप
ghataayaa,घटाया,घटाया
ghataya,घटाया,घटाया
ghanakar,घनकर,घनाकार
ghabrahat,घबराहट,घबराहट
ghasi,घसी,घासी
ghisai,घीसाई,घिसाई
ghisi,घीसी,घिसी
ghise,घीसे,घिसे
ghumakkadi,घूमक्कड़ी,घुमक्कड़ी
ghumakkdi,घूमक्कड़ी,घुमक्कड़ी
ghumakkadon,घूमक्कड़ों,घुमक्कड़ों
ghumakkaron,घूमककरों,घुमक्कड़ों
ghumakkdon,घूमक्दबों,घुमक्कड़ों
ghummakkadon,घूम्मक्कड़ों,घुमक्कड़ों
ghumaan,घूमान,घुमाण
ghuman,घूमन,घुमाण
ghoonsa,घूंसा,घूंसा
ghunsa,घुणसा,घूंसा
ghongha,घोंघा,घोंघा
ghontane,घोंटने,घोंटने
ghontne,घोंटने,घोंटने
ghot,घोट,घोट
ghodi,घोड़ी,घोड़ी
ghost,घोस्ट,घोस्ट
changul,चांगुल,चंगुल
chand,चंद,चंद
chandan,चंदन,चंदन
chandana,चंदना,चंदन
chandu,चंदू,चंदू
chandon,चंदों,चंदों
chandrabali,चंद्रबली,चंद्रबली
chandramaon,चंद्रामाओं,चंद्रमाओं
chakatte,चकतते,चकत्ते
chaktte,चकतते,चकत्ते
chakkar,चक्कर,चक्कर
chkkar,चक्कर,चक्कर
chakshu,चक्षू,चक्षु
chatagaon,चटागाओं,चटगांव
chatgaon,चतगाओं,चटगांव
chadhane,चढ़ाने,चढ़ने
chadhne,चढ़ने,चढ़ने
chaturdik,चतुर्दिक,चतुर्दिक
chatunshkoniy,चतुंशकों,चतुष्कोणीय
chatushkoniy,चतुशकों,चतुष्कोणीय
chatushkoniya,चतुशकों,चतुष्कोणीय
channa,चैना,चन्ना
chabate,चबाते,चबाते
chabutare,चाबुतारे,चबूतरे
chabutre,चाबुत्रे,चबूतरे
chamakna,चमकना,चमकना
chamkana,चमकाना,चमकना
charas,चर्स,चरस
charit,चरित,चरित
charcha,चर्चा,चर्चा
churcha,चर्चा,चर्चा
charchaon,चर्चाओं,चर्चाओं
chalenge,चलेंगे,चलेंगे
chlenge,क्लेंगे,चलेंगे
chahunaur,चाहुनौर,चहुंओर
chahunor,चाहुनौर,चहुंओर
chanval,चानवाल,चांवल
chanwal,चानवाल,चांवल
chachaji,चचाजी,चाचाजी
chadar,चड़ार,चादर
chadaron,चड़रों,चादरों
chadron,चाद्रों,चादरों
chan,चान,चान
chanan,चानन,चानन
chaplusi,चपलुसी,चापलूसी
chayal,चयाल,चायल
char,चार,चार
charon,चरों,चारों
charge,चार्ज,चार्ज
chart,चार्ट,चार्ट
charton,चारतों,चार्टों
charts,चार्ट्स,चार्ट्स
chaalit,चालित,चालित
chalit,चलित,चालित
chikitsak,चिकित्साक,चिकित्सक
chikitsakon,चिकित्सकों,चिकित्सकों
chikhali,चीखली,चिखली
chiththi,चित्ती,चिट्ठी
chitthi,चिट्ठी,चिट्ठी
chithhi,चितही,चिठ्ठी
chiththi,चित्ती,चिठ्ठी
chitthi,चिट्ठी,चिठ्ठी
chidchidapan,चिड़चिड़ापन,चिडचिडापन
chidchidapan,चिड़चिड़ापन,चिड़चिड़ापन
chidhate,चिद्ताते,चिढ़ते
chidhte,चिद्ते,चिढ़ते
chithrkar,चित्रकर,चित्रकार
chitrkar,चित्रकार,चित्रकार
chipakane,चिपकने,चिपकने
chipakne,चिपकने,चिपकने
chipkane,चिपकने,चिपकने
chimati,चिमटी,चिमटी
chimti,चिमटी,चिमटी
chillane,चिल्लाने,चिल्लाने
chee,ची,ची
chi,ची,ची
chuka,चुका,चुका
chune,चुने,चुने
chunar,चुनार,चूनर
changed,चांगेड,चेंज्ड
chetti,चेट्टी,चेट्टी
chennai,चेनाई,चेन्नई
chero,चेरो,चेरो
chest,चेस्ट,चेस्ट
championship,चंपियंशिप,चैंपियनशिप
chor,चोर,चोर
choro,चोरो,चोरों
choron,चोरों,चोरों
chauk,चौक,चौक
chowk,चौक,चौक
chauka,चौका,चौका
chuka,चुका,चौका
chaukiyan,चौकियां,चौकियां
chauki,चौकी,चौकी
chaukhate,चौखते,चौखटे
chauguni,चौगुनी,चौगुनी
chauda,चौदा,चौड़ा
chaudah,चौदह,चौड़ा
chaudahavan,चौदहवां,चौदहवां
chaudhavan,चौधवान,चौदहवां
chaudhawan,चौधवान,चौदहवां
chaupati,चौपटी,चौपाटी
chupaty,चुपट्य,चौपाटी
chaupal,चौपल,चौपाल
chaurai,चौराई,चौरई
chausinga,चौसींगा,चौसिंगा
chausingha,चौसींहा,चौसिंगा
chhagan,छागन,छगन
chhabi,छाबी,छबि
chhalla,छल्ला,छल्ला
chhallaa,छल्ला,छल्ला
chhaviyaan,छावियां,छवियाँ
chhaviyan,छावियां,छवियाँ
chhavi,छावी,छवी
cheh,चेह,छह
chhah,छाह,छह
chehon,चेहों,छहों
chhahon,छाहों,छहों
chhai,छाई,छाई
chhagla,छगला,छागला
chhajan,छजन,छाजन
chhaati,छाती,छाती
chhati,छती,छाती
chhaapemaar,छापेमार,छापेमार
chhapemar,छपेमार,छापेमार
chheenk,छींक,छींक
chhink,छींक,छींक
chink,चिंक,छींक
chenkein,चेंकें,छींके
chhekein,छेकें,छींके
chhinke,छींके,छींके
chhinky,छींक्के,छींके
chinke,चिंके,छींके
chhudaane,छुड़ाने,छुडाने
chhudane,छुड़ाने,छुडाने
chhupakar,छुपाकर,छुपकर
chhupkar,छुपकर,छुपकर
chhupkr,छुपकर,छुपकर
chhupata,छुपटा,छुपता
chhupta,छुपता,छुपता
chhuptaa,छुपता,छुपता
chhura,छुड़ा,छुरा
chhuraa,छुड़ा,छुरा
chhuree,छुड़ी,छुरी
chhuri,छुड़ी,छुरी
chhure,छुड़े,छुरे
chhootane,छूटने,छूटने
chhutane,छुटने,छूटने
chhutne,छुटने,छूटने
chheter,छेतेर,छेत्र
chhetr,छेत्र,छेत्र
chhetter,छेट्तेर,छेत्र
chhetri,छेत्री,छेत्री
chhetthari,छेत्ठारी,छेत्री
chhetthri,छेत्तरी,छेत्री
chai,चाई,छै
chhai,छाई,छै
chhe,छे,छै
jagaega,जगाएगा,जगाएगा
jagayega,जगाएगा,जगाएगा
jaghaega,जगहाएगा,जगाएगा
jgaayega,जगाएगा,जगाएगा
jgayegaa,जगाएगा,जगाएगा
jajaon,जजाओं,जजों
jajon,जाजों,जजों
jad,जाद,जड़
jadd,जड़ाद,जड़
jaddit,जड़ादित,जड़ित
jadeite,जड़ेटे,जड़ित
jadet,जड़ते,जड़ित
jadit,जादित,जड़ित
jadein,जड़ें,जड़ें
jaden,जड़ें,जड़ें
jatara,जतरा,जतरा
jatra,जातरा,जतरा
jataati,जताती,जताती
jatatee,जताती,जताती
jatati,जताती,जताती
janagananaa,जनगानना,जनगणना
janaganna,जनगान्न,जनगणना
jangadnaa,जांगड़ना,जनगणना
janganana,जांगनाना,जनगणना
janganna,जांगान्ना,जनगणना
janajagran,जनजाग्रण,जनजागरण
janjaagran,जनजाग्रण,जनजागरण
janjagran,जनजाग्रण,जनजागरण
january,जानुअर्य,जनवरी
janahaani,जनहानी,जनहानि
janahani,जनहानी,जनहानि
janhaani,जाहानी,जनहानि
janhani,जाहनि,जनहानि
jnhaani,जनहानी,जनहानि
jamaate,जमाते,जमाती
jamaati,जमाती,जमाती
jamati,जमाती,जमाती
jamaaya,जमाया,जमाया
jamaeya,जमायाया,जमाया
jamaya,जमाया,जमाया
jamayaa,जमाया,जमाया
jamuai,जामुओं,जमुई
jamuei,जामुई,जमुई
jamui,जामुई,जमुई
jai,जाई,जय
jay,जाय,जय
jaidayal,जयदायल,जयदयाल
jayadayal,जयदायल,जयदयाल
jaydayal,जायदायल,जयदयाल
jaibaan,जयबान,जयबाण
jaiban,जयबान,जयबाण
jaybaan,जयबान,जयबाण
jayalalita,जयलालिता,जयललिता
jayalalitaa,जयलालिता,जयललिता
jayalalithaa,जयलालिता,जयललिता
jaylalita,जयलालिता,जयललिता
jarakh,जरख,जरख
zarakh,जरख,जरख
jarda,जर्दा,जर्दा
jardaa,जर्दा,जर्दा
zarda,जर्दा,जर्दा
jalagati,जलागती,जलगति
jalgati,जलगती,जलगति
jalgti,जलगती,जलगति
jalte,जलते,जलते
jalbharav,जलभराव,जलभराव
jalbhraav,जलभराव,जलभराव
jalbhrav,जलभराव,जलभराव
jalvaayu,जलवायु,जलवायु
jalvayu,जलवायु,जलवायु
jalesar,जलेसर,जलेसर
jasmeet,जस्मीत,जसमीत
jasmit,जस्मित,जसमीत
jassee,जस्सी,जस्सी
jassi,जस्सी,जस्सी
jamaanaa,जमाना,ज़माना
jamana,जमाना,ज़माना
zamaanaa,ज़माना,ज़माना
zamana,ज़माना,ज़माना
jaljale,जलजले,ज़लज़ले
zalzale,जलझले,ज़लज़ले
zee,जी,ज़ी
jubaan,जुबान,ज़ुबान
juban,जुबान,ज़ुबान
zuban,जुबान,ज़ुबान
jaanch,जांच,जाँच
jaaunch,जाऊंच,जाँच
janch,जांच,जाँच
jaunch,जौंच,जाँच
jaagriti,जागरिति,जागृति
jagriti,जागरीती,जागृति
jagruti,जागरूती,जागृति
jajamau,जजमाऊ,जाजमऊ
jajmau,जजमाओं,जाजमऊ
jajmauu,जजमाऊ,जाजमऊ
jaat,जाट,जात
jat,जाट,जात
jaatak,जाटक,जातक
jatak,जतक,जातक
jaatakon,जाटकों,जातकों
jaatkon,जातकों,जातकों
jatakon,जताकों,जातकों
jaatiyon,जातीयों,जातियों
jatiyon,जातियों,जातियों
jaankaaron,जानकारों,जानकारों
jaankaron,जानकरों,जानकारों
jankaron,जानकरों,जानकारों
jaanam,जान्म,जानम
janam,जन्म,जानम
jaayke,जायके,जायके
jayke,जायके,जायके
jaawar,जावर,जावर
zawar,जवार,जावर
jing,जिंग,जिंग
gin,गिन,जिन
jeen,जीं,जिन
jin,जीन,जिन
ginee,गिनी,जिनी
jinee,जीनी,जिनी
jini,जिनी,जिनी
geneva,जीनेवा,जिनीवा
jeneva,जेनेवा,जिनीवा
jiniva,जिनिवा,जिनीवा
gypsy,जिप्सी,जिप्सी
jimme,जिम्मे,जिम्मे
jiya,जिया,जिया
gic,जीईसी,जीआईसी
gr,गीआर,जीआर
gm,जीएम,जीएम
gsm,जीएसएम,जीएसएम
gtod,ग्टोड,जीतोड़
gtor,ग्टोर,जीतोड़
jeetod,जीतोड़,जीतोड़
jitod,जीतोद,जीतोड़
jean,जीन,जीन
jeen,जीं,जीन
jin,जीन,जीन
jeenon,जीनों,जीनों
jinon,जिनों,जीनों
jeepney,जीपने,जीपनी
jipani,जिपानी,जीपनी
jeeyo,जीयो,जीयो
jio,जिओ,जीयो
jiyo,जियो,जीयो
jeera,जीरा,जीरा
jira,जीरा,जीरा
jeevant,जीवनत,जीवंत
jivant,जीवंत,जीवंत
jeevan,जीवन,जीवन
jeewan,जीवन,जीवन
jivan,जीवन,जीवन
jiwan,जीवन,जीवन
jeevanshaili,जीवनशाली,जीवनशैली
jivanshaili,जीवनशाइली,जीवनशैली
jeevniyaan,जीवनियां,जीवनियां
jivaniya,जीवनिया,जीवनियां
jivaniyaan,जीवनियां,जीवनियां
jivaniyan,जीवनियां,जीवनियां
jeevraaj,जीवराज,जीवराज
jivraj,जीवराज,जीवराज
jua,जुआ,जुए
jue,जुए,जुए
juye,जू,जुए
jutee,जुती,जुटी
juti,जुटी,जुटी
judaai,जुड़ाई,जुड़ाई
judae,जुडाई,जुड़ाई
judai,जुड़ाई,जुड़ाई
judaai,जुड़ाई,जुदाई
judai,जुड़ाई,जुदाई
junoon,जूनून,जुनून
junun,जूनून,जुनून
junooni,जूनूनी,जुनूनी
jununi,जूनूनी,जुनूनी
jubair,जुबैर,जुबेर
juber,ज़ुबैर,जुबेर
zubair,जुबैर,जुबेर
juraab,जुराब,जुराब
jurab,जुराब,जुराब
julaahon,जुलाहों,जुलाहों
julahon,जुलाहों,जुलाहों
julmon,जुलमों,जुल्मों
zulmon,जुल्मों,जुल्मों
jood,जूद,जूड
jud,जुड़,जूड
junagadh,जूनागढ़,जूनागढ
junagarh,जूनागढ़,जूनागढ
junior,जूनियर,जूनियर
jealous,जीलाउस,जूलूस
juloos,जुलूस,जूलूस
julus,जुलूस,जूलूस
jetha,जेता,जेठा
jenner,जेननर,जेनर
generic,जेनेरिक,जेनरिक
jenrick,जेनरिक,जेनरिक
generat,जेनेरेट,जेनरेट
generate,जेनेरेट,जेनरेट
jenee,जेनी,जेनी
jenni,जेनी,जेनी
jenny,जेनी,जेनी
james,जमेस,जेम्स
jeremy,जेरेमी,जेरेमी
gerome,जेरोम,जेरोम
jerome,जेरोम,जेरोम
jacks,जेक्स,जैक्स
jain,जैन,जैन
gene,जीने,जैने
jaine,जैने,जैने
jaino,जैनो,जैनों
jainon,जैनों,जैनों
jerry,जेरी,जैरी
jasper,जसपर,जैस्पर
jogging,जोगिंग,जॉगिंग
johnson,जोनसन,जॉनसन
jobs,जॉब्स,जॉब्स
jockey,जोकी,जोकि
joki,जोकी,जोकि
jokhim,जोखिम,जोखिम
joddta,जोड़ता,जोड़ता
jodta,जोड़ता,जोड़ता
jorhta,जोड़ता,जोड़ता
jodiyon,जोड़ियों,जोड़ियों
jodo,जोडो,जोड़ो
jaun,जौन,जौं
gyatavya,ज्ञातव्य,ज्ञातव्य
gyatvy,ज्ञातवी,ज्ञातव्य
gyapit,ज्ञापित,ज्ञापित
jyotiba,ज्योतिबा,ज्योतिबा
joint,जायंट,ज्वाइंट
jvar,ज्वर,ज्वार
jwar,ज्वर,ज्वार
jvaaron,ज्वारों,ज्वारों
jvaron,ज्वरों,ज्वारों
jwaron,ज्वारों,ज्वारों
jewellers,ज्वैलर्स,ज्वेलर्स
jh,झ,झ
jha,झा,झ
jhalakti,झलकती,झलकती
jhalkati,झलकती,झलकती
jhalla,झल्ला,झल्ला
jhankana,झांकना,झांकना
jhankna,झांकना,झांकना
jheel,झील,झील
jhil,झिल,झील
jheelon,झीलों,झीलों
jhilon,झिलों,झीलों
jhuthala,झूठला,झुठला
jhuthla,झूठला,झुठला
jhuthalane,झूठलने,झुठलाने
jhuthlane,झूठलाने,झुठलाने
tankaar,टैंकर,टंकार
tankar,टैंकर,टंकार
takara,टकरा,टकरा
takra,टकरा,टकरा
takaraon,टकराओं,टकरावों
takravon,टकरावों,टकरावों
tapakti,तपकती,टपकती
tapkati,तापकती,टपकती
time,टाइम,टाइम
timer,तिमर,टाइमर
taoo,ताओ,टाऊ
tau,ताउ,टाऊ
tapoowo,तपूओ,टापुओं
tapuon,तापूओं,टापुओं
tapuwo,तापूवो,टापुओं
tied,तिड,टायर्ड
tired,तिर्ड,टायर्ड
tyred,टायर्ड,टायर्ड
tarch,तर्च,टार्च
torch,टोर्च,टार्च
tik,टीक,टिक
teap,टीप,टिप
tip,टिप,टिप
tippanikar,टिप्पणिकर,टिप्पणीकार
tippnikar,टिप्पणिकार,टिप्पणीकार
tivolee,तीवोली,टिवोली
tivoli,तीवॉली,टिवोली
teekamgarh,तीकामगढ़,टीकमगढ़
tikamgarh,टिकामगढ़,टीकमगढ़
teekon,टीकों,टीकों
tikon,टिकों,टीकों
two,ट्वो,टु
tension,टेंशन,टेंशन
tenis,टेनस,टेनिस
tennis,टेनिस,टेनिस
taste,तस्ते,टेस्ट
test,तेस्ट,टेस्ट
tasting,टस्तिंग,टेस्टिंग
testing,टेस्टिंग,टेस्टिंग
tainin,टैनिन,टैनिन
tenin,तेनिन,टैनिन
tanish,तनिश,टैनिस
tennis,टेनिस,टैनिस
taboo,टेबू,टैबू
taiboo,टाइबू,टैबू
taobao,ताबाओ,टैबू
tonic,टोनिक,टॉनिक
tonga,टोंगा,टोंगा
toka,टोका,टोका
tuesday,तुसदाय,ट्यूजडे
tuning,ट्यूनिंग,ट्यूनिंग
tuberculosis,ट्यूबर्क्लोसिस,ट्यूबरक्यूलोसिस
tuberkyulosis,ट्यूबरीकलोसिस,ट्यूबरक्यूलोसिस
truck,ट्रुक,ट्रक
trangistor,ट्रांजिस्टर,ट्रांजिस्टर
tranjister,ट्रांजिस्टर,ट्रांजिस्टर
transistor,ट्रांसिस्टर,ट्रांजिस्टर
transfer,ट्रांसफर,ट्रान्सफर
tribunal,ट्रिब्नल,ट्रिब्युनल
tribunal,ट्रिब्नल,ट्रिब्यूनल
trubyunal,ट्रिब्यूनल,ट्रिब्यूनल
truth,ट्रुथ,ट्रुथ
tuth,टूठ,ट्रुथ
traded,ट्रेडेड,ट्रेडेड
trabal,ट्राबल,ट्रेबल
trebal,ट्रैबल,ट्रेबल
trouble,ट्रबल,ट्रेबल
traip,ट्रैप,ट्रैप
trap,ट्रेप,ट्रैप
trot,ट्रोत,ट्रॉट
trott,ट्रोत,ट्रॉट
thakkar,ठक्कर,ठक्कर
thakkr,ठककर,ठक्कर
thaharne,ठहरने,ठहरने
thahrane,ठहराने,ठहरने
theharne,ठहरने,ठहरने
thikane,ठिकने,ठिकाने
thumari,ठूमारी,ठुमरी
thumri,थूमरी,ठुमरी
theinga,ठेंगा,ठेंगा
thenga,ठेंगा,ठेंगा
thengaa,ठेंगा,ठेंगा
daglas,डगलास,डगलस
douglas,डाउगलास,डगलस
dabhara,दभरा,डभरा
dabhra,दभरा,डभरा
dabhoi,दभूई,डभोई
dam,दाम,डम
dum,दूम,डम
darate,दरते,डराते
daratey,दरते,डराते
daravani,दरावनी,डरावनी
darawani,दरावनी,डरावनी
dravani,द्रवाणी,डरावनी
down,डाउन,डाउन
daak,दाक,डाक
dak,डक,डाक
daka,डका,डाका
dabi,दबी,डाबी
dabolim,दबोलिम,डाबोलिम
dinosaur,दीनोसौर,डायनासोर
diaries,डायरिस,डायरीज
dit,डीट,डिट
depthiriya,डिप्थिरिया,डिप्थीरिया
diphtheria,दीफठेरिया,डिप्थीरिया
de,दे,डीई
dealership,डीलर्सिप,डीलरशिप
dvc,डीवीसी,डीवीसी
dubaana,दुबाना,डुबाना
dubana,दुबना,डुबाना
dubona,डूबोना,डुबोना
dulne,दुलने,डुलने
doonarpur,दूनरपुर,डूंगरपुर
doongarpur,दूंगरपुर,डूंगरपुर
dungarpur,दूंगरपुर,डूंगरपुर
dungerpur,दूंगरपुर,डूंगरपुर
dubana,दुबना,डूबना
dubna,दुबना,डूबना
dangerous,डेंगरोस,डेंजरस
daisy,दैसी,डेजी
dazy,दजय,डेजी
deji,देजी,डेजी
deputy,डिप्टी,डेप्युटी
davidson,द्विदसों,डेविडसन
devidson,देवीदसन,डेविडसन
davey,दावे,डेवी
devi,देवी,डेवी
dewey,देवे,डेवी
destination,डिस्टिनेशन,डेस्टिनेशन
datson,दत्सों,डैटसन
datsun,दत्सन,डैटसन
daddy,दद्द्य,डैडी
dark,डार्क,डॉर्क
dork,डोर्क,डॉर्क
dose,डोस,डोज
domenic,डोमेनिक,डोमेनिक
doranda,दोरंडा,डोरंडा
dolane,डोलाने,डोलने
dolne,डोलने,डोलने
dual,डुएल,ड्युअल
duak,दुक,ड्यूक
duke,डुके,ड्यूक
drame,ड्रैम,ड्रामे
dramen,ड्रैम,ड्रामे
drager,ड्रेजर,ड्रेजर
dredger,ड्रेजर,ड्रेजर
dreijer,ड्रेजर,ड्रेजर
dhakaal,ढकाल,ढकाल
dhakal,ढकाल,ढकाल
dhakkal,ढक्कल,ढकाल
dhkal,ढकाल,ढकाल
dhale,ढाले,ढले
dhoondh,धूंढ,ढूंढ
dhundh,धुंध,ढूंढ
dhoondhata,धूंढता,ढूंढता
dhundhata,धुंधता,ढूंढता
dhundhta,धुंधता,ढूंढता
dhoondhi,धूंढी,ढूंढी
dhundhi,धुंधी,ढूंढी
tanjavur,तंजावूर,तंजावुर
thanjavur,ठंजावूर,तंजावुर
tantr,तंत्र,तंत्र
tantra,तंत्र,तंत्र
tantrikao,तंत्रिका,तंत्रिकाओं
tantrikaon,तंत्रिकाओं,तंत्रिकाओं
tantro,टांत्रों,तंत्रों
tantron,तंत्रों,तंत्रों
tagade,तगड़े,तगड़े
tagde,तगडे,तगड़े
tadipaar,ताड़ीपार,तड़ीपार
tadipar,ताड़ीपर,तड़ीपार
tani,तनी,तनी
tapan,टपन,तपन
tarafa,टाराफा,तरफा
tarfa,तरफा,तरफा
tarabganj,तरागगंज,तरबगंज
taras,तारस,तरस
taraash,ताराश,तराश
tarash,तराश,तराश
tarashay,तराशय,तराशे
tarashe,ताराशे,तराशे
tareeko,तरीको,तरीको
tariko,तरीको,तरीको
tark,टर्क,तर्क
tarkvaad,तर्कवाद,तर्कवाद
tarkvad,तर्कवाद,तर्कवाद
tarkwaad,तर्कवाद,तर्कवाद
tarko,टरको,तर्कों
tarkon,तरकों,तर्कों
talabgaar,तलबगार,तलबगार
talabgar,तलबगार,तलबगार
talbagaar,तलबागार,तलबगार
talbagar,तलबागार,तलबगार
talawe,तलावे,तलवे
talve,तलवे,तलवे
talawon,तलावों,तलवों
talvon,तलवों,तलवों
tahakhana,तहखाना,तहखाना
tahkhaana,तहखाना,तहखाना
tahkhana,तहखाना,तहखाना
taantaa,तांटा,तांता
tanta,टांटा,तांता
tambe,तंबे,तांबे
tanbe,तंबे,तांबे
taaja,ताजा,ताजा
taajaa,ताजा,ताजा
taaza,ताजा,ताजा
taja,ताजा,ताजा
taza,ताजा,ताजा
tansen,टांसें,तानसेन
taapmaanon,तापमानों,तापमानों
tapmano,तापमानों,तापमानों
tapmanon,तापमानों,तापमानों
taapti,तापती,ताप्ती
tapti,तपती,ताप्ती
tarabai,तराबाई,ताराबाई
taseer,तसीर,तासीर
tasir,तसीर,तासीर
taahi,ताही,ताहि
tahi,ताही,ताहि
tikone,टिकोन,तिकोने
tirupati,तिरुपति,तिरूपति
tiwari,तिवाड़ी,तिवारी
ti,टी,ती
teer,तीर,तीर
tir,तिर,तीर
teeron,तीरों,तीरों
tiron,तिरों,तीरों
tirthatan,तीर्थान,तीर्थाटन
tungnath,तुंगनाथ,तुंगनाथ
tughlaq,त्घलाक,तुगलक
tuglak,तुगलक,तुगलक
tughlakabad,त्घलाकबाद,तुगलकाबाद
tughlaqabad,त्घलाकाबाद,तुगलकाबाद
tuglakabad,तुगलाबाबाद,तुगलकाबाद
tugalaki,त्ग्गगाकी,तुगलकी
tugalki,त्गुलाकी,तुगलकी
tuglaki,तुगलाकी,तुगलकी
tufail,तूफेल,तुफैल
tejaji,तेजाजी,तेजाजी
teji,तेजी,तेजी
tel,टेल,तेल
telon,टेलों,तेलों
to,टो,तो
toh,तोह,तो
taul,टाउल,तौल
tyohaar,त्योहार,त्यौहार
tyohar,त्योहार,त्यौहार
tyoihar,त्योहार,त्यौहार
tyauharon,त्याहारों,त्यौहारों
tyoharon,त्योहारों,त्यौहारों
tyoiharon,त्योहारों,त्यौहारों
trijata,त्रिजाता,त्रिजटा
trijta,त्रिजता,त्रिजटा
triya,त्रिया,त्रिया
tremasik,ट्रेमासिक,त्रैमासिक
trimasik,त्रिमासिक,त्रैमासिक
tse,टीएस,त्से
thaki,ठाकी,थकी
thki,थकी,थकी
tharti,थर्ती,थर्टी
thirty,थिर्टी,थर्टी
thane,ठाने,थाणे
thaanvi,ठानवी,थानवी
thanvi,ठानवी,थानवी
theateron,थीटेरों,थिएटरों
theatron,ठीट्रों,थिएटरों
theaters,थीटर्स,थिएटर्स
theater,थीटर,थियेटर
theatre,ठीटरे,थियेटर
theateron,थीटेरों,थियेटरों
theatron,ठीट्रों,थियेटरों
thitron,ठीत्रों,थियेटरों
theaters,थीटर्स,थियेटर्स
theatrs,थीटर्स,थियेटर्स
thiyeters,थिएचर्स,थियेटर्स
thirake,ठिराके,थिरके
thirke,थिरके,थिरके
thief,टीफ,थीफ
then,ठें,थेन
theni,ठेनी,थेनी
thailee,ठाइली,थैली
thaili,ठाइली,थैली
thaile,थाइले,थैले
dang,डांग,दंग
danga,डांगा,दंगा
dangon,डांगों,दंगों
dampati,दाम्पती,दंपति
danpati,डानपती,दंपति
dampatiyon,दाम्पतियों,दंपतियों
dampattiyon,दाम्पत्तियों,दंपतियों
danptiyon,दांपतियों,दंपतियों
dadreva,दादरेवा,ददरेवा
dadrewa,दादरेवा,ददरेवा
damoh,दामोह,दमोह
dardara,दरदारा,दरदरा
dardraa,दर्दरा,दरदरा
durdhara,दुर्धारा,दरदरा
darmiyaan,दरमियां,दरमियान
darmiyan,दरमियां,दरमियान
darjano,दर्जनों,दर्जनों
darjanon,दर्जनों,दर्जनों
darp,डर्प,दर्प
darra,दरा,दर्रा
dalbadal,दलबदल,दलबदल
dalbadl,दलबदल,दलबदल
dali,दली,दली
dastaanaa,दस्ताना,दस्ताना
dastana,दस्ताना,दस्ताना
dastavej,दस्तावेज़,दस्तावेज
dahan,दहान,दहन
dahal,दहाल,दहल
da,डीए,दा
daakhil,दाख़िल,दाखिल
dakhil,दख़िल,दाखिल
daakhile,दाख़िले,दाखिले
dakhile,दख़िले,दाखिले
daataa,दाता,दाता
data,डाटा,दाता
dadari,दादरी,दादरी
daanshil,दांशील,दानशील
danshil,दंशील,दानशील
daabholkar,दाभोलकर,दाभोलकर
dabholkar,दभोलकर,दाभोलकर
damale,दमले,दामले
damle,डमले,दामले
dayitv,दायित्व,दायित्व
dayitva,दायित्व,दायित्व
dayitwa,दायित्व,दायित्व
dayitvon,दायित्वों,दायित्वों
dayityon,दायित्यों,दायित्वों
darul,दारुल,दारूल
daav,दाव,दाव
daaw,दाव,दाव
dav,दावी,दाव
daw,दाई,दाव
daah,दाह,दाह
dah,दाह,दाह
dikhla,दिखला,दिखला
dikhlaa,दिखला,दिखला
dikhaaiye,दिखाइए,दिखाइये
dikhaiye,दिखाइए,दिखाइये
dikhaai,दिखाई,दिखाई
dikhai,दिखाई,दिखाई
dikhayi,दिखाई,दिखाई
dikhaaee,दिखाई,दिखाईं
dikhaai,दिखाई,दिखाईं
dikhaain,दिखाईं,दिखाईं
dikhaee,दिखाई,दिखाईं
dikhai,दिखाई,दिखाईं
dikhayin,दिखायें,दिखाईं
dikhai,दिखाई,दिखायी
dikhayi,दिखाई,दिखायी
dikhaai,दिखाई,दिखार्इ
dikhae,दिखाए,दिखार्इ
dikhai,दिखाई,दिखार्इ
dikhayi,दिखाई,दिखार्इ
dita,दीता,दिता
ditaa,दीता,दिता
dinaank,दीनांक,दिनांक
dinank,दीनंक,दिनांक
dirham,दीरहम,दिरहम
dilaaye,दिलाए,दिलाये
dilaye,दिलाए,दिलाये
deewani,दीवानी,दिवानी
diwani,दिवानी,दिवानी
divy,दिव्य,दिव्य
divya,दिव्य,दिव्य
divyata,दिव्याता,दिव्यता
divya,दिव्य,दिव्या
deepan,दीपान,दीपन
deepn,दीपन,दीपन
dipan,दीपान,दीपन
deepsingh,दीप्सिंह,दीपसिंह
dipsingh,दीप्सिंह,दीपसिंह
deepika,दीपिका,दीपिका
dipika,दीपिका,दीपिका
deeya,दीया,दीया
diya,दीया,दीया
dukaanon,दुकानों,दुकानों
dukanon,दुकानों,दुकानों
dukke,दुक्के,दुक्के
dukhan,दुखान,दुखन
dukhit,दुखित,दुखित
dukhiyon,दुखियों,दुखियों
dukhon,दुखों,दुखों
dubhashiyon,दुभाषियों,दुभाषियों
durgun,दुर्गुन,दुर्गुण
durghatna,दुर्घटना,दुर्घटना
durghtna,दुर्घटना,दुर्घटना
duneerti,दुनीरती,दुर्नीति
durniti,दुर्नीति,दुर्नीति
durbhiksh,दुरभीक्ष,दुर्भिक्ष
duvidhaaen,दुविधाएं,दुविधाएं
duvidhaayein,दुविधाएं,दुविधाएं
duvidhaen,दुविधाएं,दुविधाएं
duwaidhaayein,दुवैधाएं,दुविधाएं
dune,दुने,दूने
doordarshan,दूरदर्शन,दूरदर्शन
durdarshan,दुरदर्षण,दूरदर्शन
dradh,द्राध,दृढ़
dridh,दृद्ध,दृढ़
dekhoge,देखोज,देखोगे
denevaali,देनेवाली,देनेवाली
denevali,देनेवाली,देनेवाली
denewaali,देनेवाली,देनेवाली
denewali,देनेवाली,देनेवाली
deonar,डेवानार,देवनार
devnaar,देवनार,देवनार
devnar,देवनार,देवनार
devaapur,देवापूर,देवापुर
devapur,देवपुर,देवापुर
devi,देवी,देवी
devisingh,देवाइजिंह,देवीसिंह
devisinh,डिवाइसिंह,देवीसिंह
deshkaal,देशकाल,देशकाल
deshkal,देशकाल,देशकाल
deshke,देशके,देशके
desai,देजाई,देसाई
doge,डोगे,दोगे
dvadash,द्वादश,द्वादश
dwaadas,द्वादास,द्वादश
dvivedi,द्विवेदी,द्विवेदी
dwivedi,द्विवेदी,द्विवेदी
dhande,धंडे,धंधे
dhandhe,धंधे,धंधे
dhndhe,धंधें,धंधे
dhandhon,धंधों,धंधों
dhandon,धंडों,धंधों
dhakelte,ढकेलते,धकेलते
dhkelate,ढकेलते,धकेलते
dhatana,धातना,धटना
dhatna,धतना,धटना
dhankuber,धनकुबर,धनकुबेर
dhanadhany,धनाधन्य,धनधान्य
dhandhaanya,धंधान्य,धनधान्य
dhandhany,धंधन्य,धनधान्य
dhandhanya,धंधन्य,धनधान्य
dhamkaataa,धमकाता,धमकाता
dhamkata,धमकता,धमकाता
dhamm,धम्म,धम्म
dhamma,धम्म,धम्मा
dhammaa,धम्मा,धम्मा
dharmnath,धर्मनाथ,धर्मनाथ
dharmraj,धर्मरज,धर्मराज
dharmesh,धर्मेश,धर्मेश
dhasmaanaa,धस्माना,धस्माना
dhasmana,धस्मान,धस्माना
dhaak,ढाक,धाक
dhak,ढक,धाक
dhaaga,धागा,धागा
dhaagaa,धागा,धागा
dhaga,ढागा,धागा
dhaatuein,धातुएं,धातुएं
dhaatuyein,धातुएं,धातुएं
dhtuen,ध्थूं,धातुएं
dhaarak,धाराक,धारक
dharak,धराक,धारक
dhaari,धारी,धारी
dhari,धारी,धारी
dhuan,धुंआ,धुआं
dhunaai,धुंआई,धुनाई
dhunai,धुंन,धुनाई
dhuriya,धूरिया,धुरिया
dhuriyaa,धूरिया,धुरिया
dhuni,धुणी,धूनी
dhairyavaan,धैर्यवान,धैर्यवान
dhairyawan,धैर्यावन,धैर्यवान
dhiryavan,धीर्यवान,धैर्यवान
dhiryawaan,धीर्यावान,धैर्यवान
dhokebaaj,धोखेबाज,धोखेबाज
dhokebaaz,धोखेबाज,धोखेबाज
dhokebaj,धोखेबाज,धोखेबाज
dhokebaz,धोखेबाज,धोखेबाज
dhokhebaaj,धोखेबाज,धोखेबाज
dhokhebaj,धोखेबाज,धोखेबाज
dhona,ढोना,धोना
dhonaa,ढोना,धोना
dhoraaji,धोराजी,धोराजी
dhoraji,धोराजी,धोराजी
dhoron,धोरों,धोरों
dhyeyavaadi,ध्येयवादी,ध्येयवादी
dhyeywadi,ध्येयवादी,ध्येयवादी
dyeyvadi,द्येवेड़ी,ध्येयवादी
dhrupad,ध्रुपद,ध्रुपद
drupad,द्रुपद,ध्रुपद
nandanvan,नंदनवान,नंदनवन
nadsa,नादसा,नक्सल
naksal,नकसल,नक्सल
naxal,नक्सल,नक्सल
naksalavaad,नकसलवाद,नक्सलवाद
naksalwaad,नकसलवाद,नक्सलवाद
naksalwad,नकसलवाद,नक्सलवाद
naxalvaaad,नक्लावाद,नक्सलवाद
naxalwaad,नक्सलवाद,नक्सलवाद
naksaliyon,नकसलियों,नक्सलियों
naxaliyon,नक्सलियों,नक्सलियों
naksali,नकसली,नक्सली
naxali,नक्सली,नक्सली
nagaada,नगाड़ा,नगाड़ा
nagaadaa,नगादा,नगाड़ा
nagaaraa,नगारा,नगाड़ा
nageene,नागीने,नगीने
nagine,नागीने,नगीने
najarandaaj,नजरअंदाज,नजरंदाज
najarandaaz,नजरअंदाज,नजरंदाज
nazarandaaj,नजरअंदाज,नजरंदाज
nazarandaaz,नजरअंदाज,नजरंदाज
nazarandaz,नजरअंदाज,नजरंदाज
najraane,नजराने,नजराने
nazraane,नजराने,नजराने
najariyon,नजरियों,नजरियों
najriyon,नजरियों,नजरियों
najron,नजरों,नजरों
najeeb,नजीब,नजीब
najib,नाजीब,नजीब
najibabaad,नाजीबाबाद,नजीबाबाद
najibabad,नाजीबाबाद,नजीबाबाद
najeem,नजीम,नजीम
najim,नाजीम,नजीम
nazeem,नजीम,नजीम
nana,नाना,नना
nanaa,नाना,नना
nna,न्ना,नना
nanhe,नन्हे,नन्हें
nanhein,नन्हें,नन्हें
nabj,नब्ज,नब्ज़
nabja,नबजा,नब्ज़
nabz,नब्ज,नब्ज़
namkeen,नमकीन,नमकीन
namkin,नमकिन,नमकीन
narnaari,नर्नारी,नरनारी
narnari,नर्नरी,नरनारी
narbhakshi,नरभक्षी,नरभक्षी
naram,नराम,नरम
narm,नर्म,नरम
narmi,नर्मी,नरमी
narsanhar,नर्संहार,नरसंहार
narsanharon,नर्संहारों,नरसंहारों
november,नोवमबर,नवंबर
navketan,नवकेतन,नवकेतन
navjaagaran,नवजागरण,नवजागरण
navjagran,नवजाग्रण,नवजागरण
navdha,नवधा,नवधा
navvadhoo,नववाधू,नववधू
navvadhu,नववाधु,नववधू
nava,नवा,नवा
navaa,नवा,नवा
navate,नवाते,नवाते
navanagar,नवानगर,नवानगर
nawanagar,नवानगर,नवानगर
navya,नव्य,नव्या
naseem,नसीम,नसीम
nasim,नसीम,नसीम
nights,नाइट्स,नाइट्रस
nitrous,नाइट्रोस,नाइट्रस
nineteez,नीनेटीज,नाइनटीज
nineties,नीनेटीज,नाइनटीज
ninties,नीनतीज,नाइनटीज
nau,नौ,नाऊ
nauu,नौऊ,नाऊ
naakaam,नाकाम,नाकाम
nakam,नकाम,नाकाम
naagrik,नागरिक,नागारिक
nagarik,नगरिक,नागारिक
nagrik,नागरिक,नागारिक
nagin,नागीन,नागिन
nadep,नेड़प,नाडेप
nanak,नानक,नानक
nanavati,नानावटी,नानावती
napane,नापने,नापने
napne,नपने,नापने
napa,नापा,नापा
naam,नाम,नाम
naamdhari,नामधारी,नामधारी
namdhari,नामधारी,नामधारी
namankano,नमानकनों,नामांकनों
namankanon,नमानकनों,नामांकनों
namavaliyon,नमावलियों,नामावलियों
naamo,नामो,नामो
namo,नमो,नामो
nayak,नयक,नायक
naraji,नाराजी,नाराजी
naraingarh,नारेंगढ़,नारायणगढ़
narayangadh,नारायणगढ़,नारायणगढ़
narayangarh,नारायणगढ़,नारायणगढ़
naasar,नासर,नासर
nahargadh,नहरगढ़,नाहरगढ
nahargarh,नहरगढ़,नाहरगढ
nikalegi,निकालेगी,निकलेगी
nikalogi,निकालोगी,निकलेगी
nikaalani,निकालनी,निकालनी
nikaalni,निकालनी,निकालनी
nikalani,निकलनी,निकालनी
nikalni,निकालनी,निकालनी
nicki,निकी,निकी
nicky,निकी,निकी
niki,निकी,निकी
niketan,निकेतन,निकेतन
nikhar,निखर,निखर
nikhari,निखरी,निखरी
nigar,निगर,निगर
nigger,नाइगर,निगर
nichala,निचला,निचला
nichalaa,निचला,निचला
nichla,निचला,निचला
nitiyon,नितियों,नितियों
nitya,नित्य,नित्या
nityaa,नित्या,नित्या
nidhaan,निधान,निधान
nidhan,निधन,निधान
nipatara,निपटारा,निपटारा
niptaara,निपटारा,निपटारा
niptaaraa,निपटारा,निपटारा
niptara,निपटारा,निपटारा
niyanta,नियंता,नियंता
niyantaa,नियंता,नियंता
niya,निया,निया
niyaa,निया,निया
nirdeshika,निर्देशिका,निर्देशिका
nirdeshikaa,निर्देशिका,निर्देशिका
nirdhaarit,निर्धारित,निर्धारित
nirdharit,निर्धारित,निर्धारित
nirbaadh,निर्बाध,निर्बाध
nirbadh,निर्दाध,निर्बाध
niveshakartaa,निवेदकार्ता,निवेशकर्ता
niveshkarta,निवेशकार्ता,निवेशकर्ता
niveshkartaa,निवेशकार्ता,निवेशकर्ता
nischal,निश्चल,निश्चल
nishchal,निश्चल,निश्चल
nishnaat,निश्णात,निष्णात
nishpaap,निष्पाप,निष्पाप
nihalaani,निहालानी,निहलानी
nihlaani,निहलानी,निहलानी
nihlani,निहलनी,निहलानी
nihaalchand,निहालचंद,निहालचंद
nihalchand,निहालचंद,निहालचंद
neechaaee,नीचाई,नीचाई
nichaai,निचाई,नीचाई
neat,नीट,नीट
neet,नीत,नीट
neetiyon,नीतियों,नीतियों
nitiyon,नितियों,नीतियों
neelagaay,नीलगाय,नीलगाय
nilgai,नीलगाई,नीलगाय
neelaabh,नीलाभ,नीलाभ
nilaabh,नीलाभ,नीलाभ
nilabh,नीलभ,नीलाभ
nuskhe,नुस्खे,नुस्खे
noon,नूं,नून
nun,नन,नून
noobiyaa,नूबिया,नूबिया
nubiya,नुबिया,नूबिया
nrityashaili,नृत्याशिली,नृत्यशैली
nrutyashaili,नृत्यशाली,नृत्यशैली
nrityon,नृत्यों,नृत्यों
nrutyon,नृत्यों,नृत्यों
neco,नेको,नेको
neko,नेको,नेको
nectar,नेक्तर,नेक्टर
neg,नेग,नेग
nega,नेगा,नेग
networking,नेटवर्किंग,नेटवर्किग
neto,नेटो,नेटो
neta,नेता,नेता
nemo,नेमो,नेमो
nelsan,नेल्सन,नेल्सन
nelson,नेल्सन,नेल्सन
nations,नेशनस,नेशंस
nehara,नेहरा,नेहरा
nehra,नेहरा,नेहरा
naino,नैनो,नैनो
nano,ननो,नैनो
naivedh,नैवेध,नैवेद्य
naivegh,नैवेंह,नैवेद्य
nevedya,नेवेदया,नैवेद्य
nominate,नोमिनेट,नॉमिनेट
naukari,नौकरी,नोकरी
naukri,नौकरी,नोकरी
nokari,नोकरी,नोकरी
nokri,नोकरी,नोकरी
notes,नोट्स,नोट्स
nora,नॉरा,नोरा
nori,नॉरी,नोरी
nauner,नौनर,नौनेर
nauvahan,नौवहन,नौवहन
naushad,नौशद,नौशाद
panchaang,पंचांग,पंचांग
panchang,पंचंग,पंचांग
punchang,पंचंग,पंचांग
punjab,पुंजब,पंजाब
punjabiyon,पुंजाबियों,पंजाबियों
pantar,पंतर,पंटर
panter,पैंटर,पंटर
punter,पंटर,पंटर
pakaayein,पकाएं,पकाएं
pakaayen,पकाएं,पकाएं
pakaen,पकाएं,पकाएं
pakayen,पकाएं,पकाएं
pakaude,पकौड़े,पकौड़े
pakshapat,पक्षपात,पक्षपात
pakshpaat,पक्षपात,पक्षपात
pakshpat,पक्षपत,पक्षपात
pagabadha,पगाबधा,पगबाधा
pagbadha,पगबड़ा,पगबाधा
pagalaa,पगला,पगला
pagla,पगला,पगला
pachaataa,पचाता,पचाता
pachata,पचहता,पचाता
patakkar,पतककर,पटककर
patkathaayein,पटकथाएं,पटकथाएं
patkathaein,पटकथाएं,पटकथाएं
patkathayen,पटकथाएं,पटकथाएं
patki,पटकी,पटकी
pataraani,पतरानी,पटरानी
patrani,पत्रानी,पटरानी
patavaari,पतवारी,पटवारी
patwari,पतवरी,पटवारी
pataakshep,पताक्षेप,पटाक्षेप
patachep,पतचेप,पटाक्षेप
patakshep,पतक्षेप,पटाक्षेप
patiya,पातिया,पटिया
patiyaa,पातिया,पटिया
padaraunaa,पदारौना,पडरौना
padrauna,पाद्रौना,पडरौना
padega,पदेगा,पड़ेगा
padegaa,पदेगा,पड़ेगा
padha,पढ़ा,पढ़ा
padhaa,पढ़ा,पढ़ा
padhaataa,पढ़ाता,पढ़ाता
padhata,पढ़ता,पढ़ाता
patili,पाटिली,पतीली
padamawati,पदमावती,पदमावती
padmavati,पद्मावती,पदमावती
padmawati,पद्मावती,पदमावती
padadhikari,पदाधिकारी,पदाधिकारी
panapnaa,पनपना,पनपना
panpana,पनपना,पनपना
panaamaa,पनामा,पनामा
panama,पन्मा,पनामा
paneer,पानीर,पनीर
pammi,पम्मी,पम्मी
pammu,पम्मू,पम्मी
pummi,पुम्मी,पम्मी
pummy,पुम्य,पम्मी
pardesiyon,परदेसियों,परदेसियों
pardesi,परदेसी,परदेसी
parva,पर्व,परवा
parvaa,पर्वा,परवा
parwa,परवा,परवा
parwaa,परवा,परवा
paraadheen,पराधीन,पराधीन
paraadhin,पराधीन,पराधीन
paradheen,पराधीन,पराधीन
paradhin,पराधीन,पराधीन
parikalpit,परीकल्पित,परिकल्पित
parimal,परिमाल,परिमल
parishad,परिशाद,परिषद
parishadiy,परिशादिय,परिषदीय
parishadiya,परिशादिया,परिषदीय
parishadon,परिशदों,परिषदों
parikhaen,परीक्षाएं,परीक्षाएं
parikshaayein,परीक्षाएं,परीक्षाएं
parikshaen,परीक्षाएं,परीक्षाएं
parosane,परोसने,परोसने
parosne,परोसने,परोसने
parda,पर्दा,पर्दा
pardaa,पर्दा,पर्दा
purple,पुरपल,पर्पल
palatne,पलटने,पलटने
paltane,पलतने,पलटने
palaari,पलारी,पलारी
palari,पलारी,पलारी
pale,पले,पले
palmonari,पाल्मोनरी,पल्मोनरी
pulmonary,पुलमोनरी,पल्मोनरी
plus,प्लस,पल्स
pulse,पुलसे,पल्स
pashtun,पश्तुन,पश्तून
pashtuun,पश्ट्यून,पश्तून
pahan,पहन,पहन
pehan,पहन,पहन
pahantaa,पहनता,पहनता
pahnata,पहनाता,पहनता
pehnate,पहनते,पहनता
pahanate,पहनते,पहनते
pahante,पहनते,पहनते
pehnate,पहनते,पहनते
pahnaakar,पहनाकर,पहनाकर
pahnakar,पहनाकर,पहनाकर
pehnakar,पहनाकर,पहनाकर
pahnaati,पहनाती,पहनाती
pahnati,पहनती,पहनाती
pehnati,पहनती,पहनाती
pahani,पहनी,पहनी
pahni,पहनी,पहनी
pehni,पहनी,पहनी
pahno,पहनो,पहनो
pehno,पहनो,पहनो
pahla,पहला,पहला
pahlaa,पहला,पहला
pehla,पहला,पहला
paheliyaan,पहेलियां,पहेलियां
paheliyan,पहेलियां,पहेलियां
paheliyon,पहेलियों,पहेलियों
pide,पीढ,पाइड
pied,पियड,पाइड
pythagoras,पिथागोरस,पाइथागोरस
pythogaras,पिथोगारस,पाइथागोरस
paakhandi,पाखंडी,पाखंडी
pakhandi,पाखंडी,पाखंडी
paathshaalaayein,पाठशालाएं,पाठशालाएं
pathshalayein,पठशालयें,पाठशालाएं
pathshalayen,पठशालयेय,पाठशालाएं
paathyakram,पाठ्यक्रम,पाठ्यक्रम
pathyakram,पठ्यक्रम,पाठ्यक्रम
pathykram,पठ्यक्रम,पाठ्यक्रम
paathyakramon,पाठ्यक्रमों,पाठ्यक्रमों
pathyakramon,पठ्यक्रमों,पाठ्यक्रमों
pathykramon,पठ्यक्रमों,पाठ्यक्रमों
population,पॉपुलेशन,पापुलेशन
pailot,पैलोट,पायलट
pilot,पिलोट,पायलट
pailoton,पैलोटों,पायलटों
piloton,पिलोटों,पायलटों
paarampariktaa,पारंपारिकता,पारंपरिकता
paramparikata,परंपारिकता,पारंपरिकता
paramparikta,परंपारिकता,पारंपरिकता
parnel,परनेल,पार्नेल
parnell,पारनेल,पार्नेल
parleron,पारलेरों,पार्लरों
parloron,पार्लरों,पार्लरों
parlouron,पार्लर्योरों,पार्लरों
paarshad,पार्शद,पार्षद
parshad,पारशद,पार्षद
paarshadon,पार्शदों,पार्षदों
parshadon,पार्षदों,पार्षदों
parshdon,पार्शदों,पार्षदों
policy,पॉलिसी,पालिसी
pinta,पिंटा,पिंटा
pintaa,पिंटा,पिंटा
piega,पिएगा,पिएगा
piyegaa,पिएगा,पिएगा
pic,पिक,पिक
pick,पिक,पिक
pik,पीक,पिक
piki,पीकी,पिकी
piky,पीक्य,पिकी
picture,पिक्चर,पिक्चर
pigmentation,पिग्मेंटेशन,पिगमेंटेशन
pigs,पिग्स,पिग्स
pichde,पिछड़े,पिछड़े
pichhade,पिछड़े,पिछड़े
pijja,पीज्ज़ा,पिज्जा
pizza,पिज़्ज़ा,पिज्जा
pitaamaha,पितामह,पितामह
pitamah,पितामह,पितामह
pipra,पिप्र,पिपरा
pipraa,पिप्रा,पिपरा
pipli,पिपली,पिपली
pearson,पियर्सन,पियरसन
pierson,पियर्सन,पियरसन
peary,पियरी,पियरी
piyari,पियारी,पियरी
pisaai,पिसाई,पिसाई
pisai,पिसाई,पिसाई
pihaani,पीहानी,पिहानी
pihani,पीहानी,पिहानी
pib,पाइब,पीआईबी
pr,प्र,पीआर
pml,पीएमए,पीएमएल
pmo,प्मो,पीएमओ
pmch,पीमच,पीएमसीएच
psv,प्सवी,पीएसवी
peaking,पीकिंग,पीकिंग
picking,पिकिंग,पीकिंग
peetne,पीटने,पीटने
pitne,पिटने,पीटने
pedia,पेड़िया,पीडिया
pidiya,पीढ़िया,पीडिया
pidiyaa,पीढ़िया,पीडिया
peelepan,पीलेपन,पीलेपन
pilepan,पिलेपन,पीलेपन
pv,पीवी,पीवी
pisa,पिसा,पीसा
putla,पुतला,पुतला
putlaa,पुतला,पुतला
putaliyaan,पुतलियां,पुतलियां
putliyan,पुटलियां,पुतलियां
putaliyon,पुतलियों,पुतलियों
putliyon,पुटलियों,पुतलियों
putali,पुतली,पुतली
putli,पुटली,पुतली
putale,पुतले,पुतले
putle,पुटल,पुतले
putin,पुटिन,पुतिन
putul,पुटुल,पुतुल
punargathan,पुनर्गठान,पुनर्गठन
puna,पुना,पुना
puraane,पुराने,पुराने
purane,पुराने,पुराने
puru,पुरु,पुरू
purjon,पुर्जों,पुर्जों
purzon,पुर्जों,पुर्जों
pulam,पुलम,पुलम
pushkin,पुष्कीन,पुश्किन
pushkarana,पुष्करण,पुष्करणा
pushkarna,पुष्करण,पुष्करणा
pushkarnaa,पुष्करणा,पुष्करणा
pushp,पुष्प,पुष्प
pushpa,पुष्पा,पुष्प
pushpa,पुष्पा,पुष्पा
pushpaa,पुष्पा,पुष्पा
pushpit,पुष्पित,पुष्पित
pushpon,पुष्पों,पुष्पों
poonjikaran,पूंजीकरण,पूंजीकरण
punjikaran,पुंजीकरण,पूंजीकरण
poojaapaath,पूजापाठ,पूजापाठ
poojapath,पूजापाठ,पूजापाठ
pujapath,पूजापाठ,पूजापाठ
pooranpur,पूरंपुर,पूरनपुर
puranpur,पुरंपुर,पूरनपुर
purvaabhaas,पूर्वाभास,पूर्वाभास
purvaabhas,पूर्वाभास,पूर्वाभास
purvabhaas,पूर्वाभास,पूर्वाभास
purvabhas,पूर्वाभास,पूर्वाभास
pendulam,पेंदुलम,पेंडुलम
pendulum,पेंदुलुम,पेंडुलम
peg,पेग,पेग
pages,पेज्स,पेजेज
pajej,पजेज,पेजेज
pace,पेस,पेस
pes,पेप,पेस
pastry,पास्ट्री,पेस्ट्री
pangolin,पांगोलिन,पैंगोलिन
pengolin,पेंगोलिन,पैंगोलिन
packard,पैकर्ड,पैकर्ड
package,पैकाज,पैकेज
packageon,पैकाजों,पैकेजों
packagon,पैकागों,पैकेजों
packajon,पैकजों,पैकेजों
paim,पैम,पैम
pam,पाम,पैम
paratrooper,परात्रुपर,पैराट्रूपर
peratrupers,पैरात्रुपर्स,पैराट्रूपर
paranormal,परणोर्मल,पैरानॉर्मल
peranormal,पैरानोर्मल,पैरानॉर्मल
paraffin,परफिन,पैराफिन
parafin,पराफिन,पैराफिन
perafin,पैराफिन,पैराफिन
parabola,पराबोला,पैराबोला
perabola,पेराबोला,पैराबोला
polimer,पॉलिमर,पॉलिमर
polymer,पॉलिमर,पॉलिमर
polishing,पॉलिशिंग,पॉलिशिंग
pokar,पोकर,पोकर
poker,पोकेर,पोकर
polish,पॉलिश,पोलिश
poshit,पोशित,पोषित
posta,पोस्ट,पोस्ता
pau,पाऊ,पौ
pyade,प्याडे,प्यादे
prakriya,प्रक्रिया,प्रक्रिया
prakshepak,प्रक्षेपक,प्रक्षेपक
pratigya,प्रतिज्ञ,प्रतिज्ञा
prtigyaa,प्रतिज्ञा,प्रतिज्ञा
pratibhutiyan,प्रतिभूतियां,प्रतिभूतियां
pratiyon,प्रतियों,प्रतियों
prativaad,प्रतिवाद,प्रतिवाद
prativad,प्रतिवाद,प्रतिवाद
prativadi,प्रतिवादी,प्रतिवादी
pratishat,प्रतिष्ट,प्रतिशत
praneet,प्रानीत,प्रनीत
pranit,प्राणित,प्रनीत
prapaat,प्रपात,प्रपात
prapat,प्रपात,प्रपात
prapaaton,प्रपातों,प्रपातों
prapaton,प्रपतों,प्रपातों
prabodhini,प्रबोधीनी,प्रबोधिनी
prayaasrat,प्रयास्रत,प्रयासरत
prayasarat,प्रयसरत,प्रयासरत
pradarshan,प्रदर्शन,प्रर्दशन
prardashan,प्रार्दाशन,प्रर्दशन
pravati,प्रवती,प्रवत्ति
pravatti,प्रवत्ति,प्रवत्ति
prashaasanik,प्रशासनिक,प्रशासनिक
prashasanik,प्रशासनिक,प्रशासनिक
prashasnik,प्रशासनिक,प्रशासनिक
prashaasanon,प्रशासनों,प्रशासनों
prashansanon,प्रशंसनों,प्रशासनों
prashasanon,प्रशासनों,प्रशासनों
prashikshu,प्रशिक्षु,प्रशिक्षु
prastaavon,प्रस्तावों,प्रस्तावों
prastavon,प्रस्तावों,प्रस्तावों
prahlaad,प्राह्लाद,प्रहलाद
prahlad,प्राह्लाद,प्रहलाद
prahasan,प्रहसन,प्रहसन
prahsan,प्रासन,प्रहसन
prahaarak,प्रहारक,प्रहारक
praharak,प्रहरक,प्रहारक
prahad,प्रहद,प्रह्लाद
prahlad,प्राह्लाद,प्रह्लाद
privacy,प्रिवेक्य,प्राइवेसी
praakkathan,प्राकाकथान,प्राक्कथन
prakkathan,प्रकाकथान,प्राक्कथन
praan,प्राण,प्राण
pran,प्राण,प्राण
pranon,प्रणों,प्राणों
prathamik,प्रथमिक,प्राथमिक
prathmik,प्रथमिक,प्राथमिक
praathmikata,प्राथमिकता,प्राथमिकता
prathmikta,प्रथमिकता,प्राथमिकता
prathmiki,प्रथमिकी,प्राथमिकी
pradhyapakon,प्राध्यापकों,प्राध्यापकों
prapt,प्राप्त,प्राप्त
prapta,प्राप्ता,प्राप्त
prapti,प्राप्ति,प्राप्ती
praroop,प्रारूप,प्रारूप
prarup,प्ररूप,प्रारूप
priyamani,प्रियमणी,प्रियामणि
proof,प्रूफ,प्रूफ
pruf,प्रुफ,प्रूफ
prekshakon,प्रेक्षकों,प्रेक्षकों
prem,प्रेम,प्रेम
premlata,प्रेमलता,प्रेमलता
prema,प्रेमा,प्रेमा
premi,प्रेमी,प्रेमी
profit,प्रोफियट,प्रॉफिट
processing,प्रोसेसिंग,प्रॉसेसिंग
programers,प्रोग्रामर्स,प्रोग्रामर्स
programmers,प्रोग्रामर्स,प्रोग्रामर्स
programs,प्रोग्रांस,प्रोग्रामर्स
proto,प्रोटो,प्रोटो
propellant,प्रोपेलेंट,प्रोपेलेंट
propellent,प्रोपेलेंट,प्रोपेलेंट
praudh,प्रौढ़,प्रौढ
proud,प्रौड,प्रौढ
plan,प्लान,प्लेन
plane,प्लाने,प्लेन
fund,फुंड,फंड
funda,फुंडा,फंडा
funding,फंडिंग,फंडिंग
fandon,फैंडों,फंदों
fagua,फागुआ,फगुआ
fatane,फतने,फटने
phatane,फटने,फटने
phatne,फटने,फटने
fadfadata,फड़फड़ता,फड़फड़ाता
phadphadata,फड़फड़ाता,फड़फड़ाता
fatehgadh,फतेहाढ़,फतेहगढ़
fatehgarh,फतेहारह,फतेहगढ़
fabti,फापती,फब्ती
phabti,फबटी,फब्ती
farse,फर्स,फरसे
pharase,फरसे,फरसे
pharse,फार्स,फरसे
farheen,फरहीन,फरहीन
farhin,फरहीन,फरहीन
farth,फर्थ,फर्थ
ferth,फर्थ,फर्थ
pharth,फार्थ,फर्थ
farmion,फर्मियन,फर्मिऑन
fermion,फर्मियन,फर्मिऑन
firmian,फर्मियन,फर्मिऑन
farookhabad,फरुखाबड़,फर्रुखाबाद
farrukhabad,फर्रुखाबाद,फर्रुखाबाद
farukhabad,फरुखाबाद,फर्रुखाबाद
farookhnagar,फरुखनागर,फर्रूखनगर
farrukhnagar,फर्रुखनगर,फर्रूखनगर
farukhnagar,फरुखनगर,फर्रूखनगर
falata,फलता,फलता
falta,फालता,फलता
phalata,फलता,फलता
falne,फलने,फलने
phalne,फलने,फलने
falitarth,फलितार्थ,फलितार्थ
phalitartha,फलितर्थ,फलितार्थ
falibhoot,फलिभूत,फलीभूत
falibhut,फलिभूत,फलीभूत
phalibhoot,फलिभूत,फलीभूत
favvara,फववरा,फव्वारा
fawaara,फवारा,फव्वारा
favvare,फववरे,फव्वारे
fawaare,फवारे,फव्वारे
favvaron,फववरों,फव्वारों
fawaaron,फवारों,फव्वारों
faisala,फ़ैसला,फ़ैसला
faisla,फ़ैसला,फ़ैसला
follow,फॉलो,फ़ॉलो
faansi,फांसी,फांसी
fansi,फैंसी,फांसी
fatama,फटमा,फातमा
fatma,फतमा,फातमा
faaf,फाफ,फाफ
phaaph,फाफ,फाफ
farsi,फर्सी,फारसी
forcee,फोर्सी,फारसी
farm,फर्म,फार्म
form,फॉर्म,फार्म
farmic,फर्मिक,फार्मिक
formic,फॉर्मिक,फार्मिक
formulae,फोर्मूलाई,फार्मूले
formule,फॉर्मूल,फार्मूले
formuley,फॉर्मूले,फार्मूले
pharmacy,फर्मैसी,फार्मेसी
pharma,फर्म,फार्मों
pharmon,फर्मों,फार्मों
farms,फर्म्स,फार्म्स
finger,फिंगर,फिंगर
fikra,फिकरा,फिक्र
physician,फिजिसियाई,फिजिशियन
firti,फिर्ती,फिरती
fisla,फ़िसला,फिसला
fislaa,फ़िसला,फिसला
feeder,फीडर,फीडर
fulaaye,फूलाए,फुलाए
fulae,फूलाई,फुलाए
fulay,फूलाए,फुलाए
furti,फुर्ती,फूर्ति
phurti,फूर्ती,फूर्ति
fus,फुस,फूस
phoos,फुस,फूस
phus,फूस,फूस
feka,फेका,फेका
fefada,फेफाड़ा,फेफड़ा
fefda,फेफदा,फेफड़ा
facial,फैकेयल,फेशियल
fact,फैक्ट,फैक्ट
federal,फेडरल,फैडरल
failkar,फैकर,फैलकर
failaaiye,फैलाइए,फैलाइए
failaea,फैलाएआ,फैलाइए
failaiya,फैलाइया,फैलाइए
failaiye,फैलाइए,फैलाइए
failegi,फैलेगी,फैलेगी
font,फांट,फॉन्ट
fogat,फोगत,फोगाट
phogat,फोगत,फोगाट
fod,फोड,फोड़
phod,फोड,फोड़
foda,फोडा,फोड़ा
fodaa,फोडा,फोड़ा
phoda,फोडा,फोड़ा
fode,फोड,फोड़े
phode,फोडे,फोड़े
fodo,फोडो,फोड़ों
fodon,फोड़ों,फोड़ों
phodo,फोडो,फोड़ों
fortis,फोर्टिस,फोर्टिस
fusion,फुसन,फ्यूजन
fuji,फुजी,फ्यूजी
fyuji,फ्यूजी,फ्यूजी
francisca,फ्रेंसिस्क,फ्रांसिस्का
franciska,फ्रेंसिसका,फ्रांसिस्का
fransiska,फ्रांसीक्का,फ्रांसिस्का
francisco,फ्रेंसिस्को,फ्रांसिस्को
francisko,फ्रेंसिसको,फ्रांसिस्को
fransisko,फ्रांसीसको,फ्रांसिस्को
fringe,फ्रिंगे,फ्रिंज
friendship,फ्रेंडेशिप,फ्रेंडशिप
frost,फ्रस्ट,फ्रॉस्ट
flin,फ्लिन,फ्लिन
flynn,फ्लाइन,फ्लिन
flesh,फ्लेश,फ्लेश
bang,बंग,बंग
bung,बंग,बंग
bangbandhu,बंगबंधु,बंगबंधु
bangbhang,बंगभंग,बंगभंग
bangash,बांगाश,बंगश
bangsh,बांगाश,बंगश
bantane,बांटाने,बंटने
bantne,बांटने,बंटने
bandhati,बांधती,बंधती
bandhti,बांधती,बंधती
bandhan,बांधन,बंधान
bandhuon,बांधुओं,बंधुओं
bamba,बांबा,बंबा
mumba,मुंब,बंबा
bakaayon,बकायों,बकायों
bakayon,बकायों,बकायों
bakaul,बकौल,बकौल
bakoul,बकौल,बकौल
baksa,बकसा,बक्सा
baksi,बक्सी,बक्सी
bakse,बकसे,बक्से
bakhshane,बख़्षणे,बख्शने
bakhshne,बख़्शने,बख्शने
bagad,बागड़,बगड़
bagd,बागद,बगड़
bageechi,बगीची,बगीची
bagichi,बगीची,बगीची
bachat,बचात,बचत
bachati,बचाती,बचती
bachti,बचटी,बचती
bajana,बजाना,बजना
bajrangi,बजरंगी,बजरंगी
bajaj,बजाज,बजाज
batalvi,बतलवी,बटालवी
badhachadhakar,बढ़ाचाधकर,बढ़ाचढ़ाकर
badata,बदता,बढ़ाता
badhaataa,बढ़ाता,बढ़ाता
badhata,बढ़ता,बढ़ाता
badhaati,बढ़ाती,बढ़ाती
badhati,बढ़ती,बढ़ाती
badhayi,बढ़ाई,बढ़ायी
badhav,बढ़ाव,बढ़ाव
badhotari,बढ़तारी,बढ़ोतरी
badhotri,बढ़त्री,बढ़ोतरी
batlaae,बतलाए,बतलाए
batlaaye,बतलाए,बतलाए
batlae,बतलाए,बतलाए
batlaye,बतलाए,बतलाए
batlaakar,बतलाकर,बतलाकर
batlakar,बतलाकर,बतलाकर
badlapur,बदलापुर,बदलापुर
badali,बदली,बदली
badli,बदली,बदली
badam,बदम,बदाम
banva,बनवा,बनवा
banvaa,बनवा,बनवा
banaam,बनाम,बनाम
banam,बनाम,बनाम
bnaam,बनाम,बनाम
baniya,बानिया,बनिया
banu,बाऊन,बनू
barpaayaa,बरपाया,बरपाया
barpaya,बरपाया,बरपाया
barsa,बरसा,बरसा
barsaata,बरसाता,बरसाता
barsaataa,बरसाता,बरसाता
barsata,बरसाता,बरसाता
barhad,बारहद,बरहद
baraat,बरात,बरात
barat,बरात,बरात
braat,ब्रात,बरात
baraamad,बरामद,बरामद
baramad,बरामद,बरामद
bramad,ब्रमाद,बरामद
baramade,बरामदे,बरामदे
baramde,बरामदे,बरामदे
bare,बारे,बरे
birth,बर्थ,बर्थ
baljeet,बलजीत,बलजीत
baljit,बल्जीत,बलजीत
ballabh,बल्लभ,बल्लभ
balla,बल्ला,बल्ला
balli,बलि,बल्ली
basava,बसव,बसावा
bastiyon,बस्तियों,बस्तियों
bahroopiya,बहरूपिया,बहरूपिया
bahrupiya,बहरूपिया,बहरूपिया
bahamaas,बहमास,बहामास
bahamas,बहमास,बहामास
bahaav,बहाव,बहाव
bahav,बहव,बहाव
bhav,भव,बहाव
bahavalpur,बहवलपुर,बहावलपुर
bahawalpur,बहवलपुर,बहावलपुर
bahuchara,बहुचरा,बहुचरा
banthia,बंठिया,बांठिया
banthiya,बंठिया,बांठिया
bandhate,बांधाते,बांधते
bandhte,बांधते,बांधते
banbi,बांबी,बांबी
bombi,बॉम्बी,बांबी
bounceron,बौंसरों,बाउंसरों
bowling,बोलिंग,बाउलिंग
baku,बाकु,बाकू
bakuu,बाकू,बाकू
baag,बाग,बाग
bag,बाग,बाग
bagh,बाघ,बाग
bagabani,बागबनी,बागबानी
bagbani,बगबानी,बागबानी
bagali,बागली,बागली
bagli,बगली,बागली
baagiyon,बागियों,बागियों
bagiyon,बगियों,बागियों
baago,बागो,बागो
bago,बगो,बागो
baji,बाजी,बाज़ी
bazi,बाजी,बाज़ी
bajaru,बजारू,बाजारू
bazaru,बजारू,बाजारू
bajuon,बाजूओं,बाजुओं
badh,बढ़,बाध
badha,बढ़ा,बाधा
baadhaaon,बाधाओं,बाधाओं
baadhaon,बाधाओं,बाधाओं
badhaaon,बढ़ाओं,बाधाओं
badhaon,बढ़ाओं,बाधाओं
baadhit,बाधित,बाधित
badhit,बढ़ति,बाधित
baani,बानी,बानी
bani,बानी,बानी
baapa,बापा,बापा
baapaa,बापा,बापा
bapa,बापा,बापा
bapaa,बापा,बापा
baabat,बाबत,बाबत
babat,बाबात,बाबत
babt,बबत,बाबत
bayern,बायरन,बायर्न
byrun,बायरून,बायर्न
barah,बराह,बारह
baarahamaasee,बारहमासी,बारहमासी
barahamasi,बरहमासी,बारहमासी
barahmasi,बरहमासी,बारहमासी
barahsinga,बरहसिंगा,बारहसिंगा
barasingha,बरसींहा,बारहसिंगा
bala,बाला,बाला
baalti,बालती,बाल्टी
balti,बाल्टी,बाल्टी
balty,बाल्टी,बाल्टी
baldvin,बालदविन,बाल्डविन
baldwin,बालदविन,बाल्डविन
bavaji,बावाजी,बावजी
bavji,बावजी,बावजी
baawaraa,बावरा,बावरा
bavra,बावरा,बावरा
bawara,बावारा,बावरा
baahulya,बाहुल्य,बाहुल्य
bahuly,बहुल्य,बाहुल्य
bahulya,बहुल्य,बाहुल्य
box,बॉक्स,बाॅक्स
bikherati,बिखेरती,बिखेरती
bikherti,बिखेरती,बिखेरती
biggest,बिग्सेस्ट,बिगेस्ट
bichhua,बिछुआ,बिछुआ
bichhuaa,बिछुआ,बिछुआ
biji,बिजी,बिजी
busy,बसी,बिजी
buzy,बुजी,बिजी
bipin,बिपिन,बिपिन
bilae,बिलाई,बिलाई
bilai,बिलाई,बिलाई
billa,बिल्ला,बिल्ला
billaa,बिल्ला,बिल्ला
bilhaur,बिलहौर,बिल्हौर
bisva,बिस्व,बिस्वा
biswa,बिस्व,बिस्वा
bag,बाग,बीएजी
bikaner,बिकनर,बीकानेर
bikaneri,बिकनेरी,बीकानेरी
bk,बीके,बीके
beejak,बीजक,बीजक
bijak,बिजाक,बीजक
beef,बीफ,बीफ
beem,बीम,बीम
bim,बीम,बीम
beemon,बीमों,बीमों
bimon,बीमों,बीमों
beerganj,बीरगंज,बीरगंज
birganj,बिरगंज,बीरगंज
beesavaan,बीसवां,बीसवां
bisavan,बिसवान,बीसवां
bisawan,बिसवान,बीसवां
beast,बियस्ट,बीस्ट
budvig,बुडविग,बुडविग
budwig,बुडविग,बुडविग
bull,बुल,बुल
bulaao,बुलाओ,बुलाओ
bulao,बुलाओ,बुलाओ
bule,बुले,बुले
bulletin,बुलेटिन,बुलेटिन
brijesh,बृजेश,बृजेश
benvar,बेनवार,बेंवर
benwar,बेनवार,बेंवर
beaulad,बियौलाद,बेऔलाद
bekaaboo,बेकाबू,बेकाबू
bekabu,बेकबू,बेकाबू
bechakar,बेचकर,बेचकर
bechkar,बेचकर,बेचकर
bechate,बेचते,बेचते
bechte,बेचते,बेचते
bediyan,बेड़ियां,बेड़ियां
bethanal,बेथानल,बेथनल
bethnal,बेथनल,बेथनल
benis,बेनिस,बेनिस
belacha,बिलचा,बेलचा
belcha,बेलचा,बेलचा
belinda,बिलिंदा,बेलिंडा
bevkufana,बेवकूफना,बेवकूफाना
bewakoofaanaa,बेवकूफाना,बेवकूफाना
bewkufana,बेवकुफ़ाना,बेवकूफाना
besahaaraa,बेसहारा,बेसहारा
besahara,बेसहरा,बेसहारा
basin,बेसीन,बेसिन
besin,बेसिन,बेसिन
basil,बेसिल,बेसिल
besil,बेसिल,बेसिल
bandage,बांदागे,बैंडेज
bandej,बांदेज,बैंडेज
baithantey,बैठांते,बैठते
baithate,बैठते,बैठते
baitool,बैटूल,बैतूल
baitul,बैटल,बैतूल
betul,बेतुल,बैतूल
baini,बैनी,बैनी
beni,बेनी,बैनी
bairakpur,बैराकपुर,बैरकपुर
barrackpore,बैराक्पूर,बैरकपुर
baila,बेला,बैला
bella,बिला,बैला
ballistic,बलिस्टिक,बैलिस्टिक
bells,बेल्स,बैल्स
bostan,बोस्तन,बॉस्टन
bosten,बोस्टन,बॉस्टन
boston,बोस्तों,बॉस्टन
bokaro,बोकारो,बोकारो
bodara,बोडरा,बोदरा
bodra,बोड़ारा,बोदरा
bodraa,बोड़रा,बोदरा
bona,बोना,बोना
borkar,बोर्कर,बोरकर
borivali,बोरिवाली,बोरीवली
boriwali,बोरीवाली,बोरीवली
born,बोर्न,बोर्न
bolane,बोलाने,बोलने
boliae,बोलियाई,बोलिए
boliy,बोलिय,बोलिए
boliye,बोलिय,बोलिए
bosaan,बोसान,बोसान
bosan,बोसन,बोसान
bauni,बौनी,बौनी
bouni,बौनी,बौनी
byaawa,ब्यावा,ब्यावर
byavar,ब्यावर,ब्यावर
brajesh,ब्रेजेश,ब्रजेश
brijesh,बृजेश,ब्रजेश
brahmalin,ब्राह्मालिन,ब्रह्मलीन
brahmleen,ब्राह्मलीन,ब्रह्मलीन
brahmlin,ब्राह्मलन,ब्रह्मलीन
bravo,ब्रेवो,ब्रावो
brigatn,ब्रिगेटन,ब्रिगटन
brighton,ब्रिघटों,ब्रिगटन
brigton,ब्रिगटन,ब्रिगटन
brigadier,ब्रिगाड़ियर,ब्रिगेडियर
britain,ब्रितेन,ब्रिटेन
breed,ब्रीड,ब्रीद
brock,ब्रॉक,ब्रोक
brok,ब्रॉक,ब्रोक
broke,ब्रॉक,ब्रोक
brocken,ब्रॉकन,ब्रोकन
broken,ब्रॉकेन,ब्रोकन
blosam,ब्लॉसम,ब्लॉसम
blossom,ब्लॉसम,ब्लॉसम
bhagaane,भगाने,भगाने
bhagane,भगने,भगाने
bhadakaaya,भड़काया,भड़काया
bhadakaya,भड़काया,भड़काया
bhadkaayaa,भड़काया,भड़काया
bhadkaya,भड़काया,भड़काया
bharakaaya,भड़काया,भड़काया
bharakaya,भड़काया,भड़काया
bhabhoot,भभूत,भभूत
bhabhut,भभूत,भभूत
bhay,भय,भय
bhaya,भया,भय
bhayo,भयो,भयो
bharatanatyam,भड़तनाट्यम,भरतनाट्यम्
bharatnatyam,भड़तनाट्यम,भरतनाट्यम्
bhartnatyam,भारतनाट्यम,भरतनाट्यम्
bharate,भड़ते,भरते
bharte,भारते,भरते
bharani,भड़नी,भरनी
bharni,भरनी,भरनी
bharane,भड़ने,भरने
bharne,भरने,भरने
bhara,भड़ा,भरा
bhavishya,भविष्य,भविष्य
bhaate,भाते,भाते
bhate,भटे,भाते
bhanu,भानु,भानू
bhabar,भाबर,भाबर
bhareeye,भरीय,भारीय
bhariy,भरिय,भारीय
bhavanaon,भवनाओं,भावनाओं
bhavnaon,भावनाओं,भावनाओं
bhaskar,भास्कर,भास्कर
bheed,भीड़,भीड़
bheera,भीरा,भीरा
bhira,भीरा,भीरा
bheesham,भीषम,भीष्म
bhisham,भिक्षम,भीष्म
bhishm,भिक्ष्म,भीष्म
bhugat,भुगत,भुगत
bhugata,भुगता,भुगता
bhugta,भुगता,भुगता
bhutto,भूट्टो,भुट्टो
bhumi,भूमि,भुमि
bhurbhura,भूरभुरा,भुरभुरा
bhookh,भूख,भूख
bhukh,भुख,भूख
bhookhi,भूखी,भूखी
bhukhi,भुखी,भूखी
bhoogol,भूगोल,भूगोल
bhugol,भुगोल,भूगोल
bhootal,भूतल,भूतल
bhutal,भूटल,भूतल
bhoopsingh,भूपसिंह,भूपसिंह
bhupsingh,भूपसिंह,भूपसिंह
bhumi,भूमि,भूमी
bhumika,भूमिका,भूमी
bhulata,भुलता,भूलता
bhulataa,भुलता,भूलता
bhulta,भुलता,भूलता
bhula,भुला,भूला
bhulaa,भुला,भूला
bhooli,भूली,भूली
bhuli,भुलि,भूली
bhulo,भुलो,भूलो
bhulon,भुलों,भूलों
bhusi,भूसी,भूसी
bhooswaami,भूस्वामी,भूस्वामी
bhusvami,भूस्वामी,भूस्वामी
bhuswami,भूस्वामी,भूस्वामी
bhengapan,भेंगापन,भेंगापन
bhairavnath,भैरवनाथ,भैरवनाथ
bhairo,भैरो,भैरो
bhogatey,भोगते,भोगते
bhogte,भोगते,भोगते
bhola,भोला,भोला
bholi,भोली,भोली
bholu,भोलू,भोलू
bhaunho,भौनहो,भौंहों
bhaunhon,भौनहों,भौंहों
bhoonhon,भून्हों,भौंहों
bhraant,भ्रांत,भ्रांत
bhrant,भ्रांत,भ्रांत
brant,ब्रांट,भ्रांत
bhraanti,भ्रांती,भ्रांति
bhranti,भ्रांती,भ्रांति
branti,ब्रांटी,भ्रांति
bhraantiyan,भ्रांतीयां,भ्रांतियां
bhrantiyan,भ्रांतीयां,भ्रांतियां
bhraantiyon,भ्रांतीयों,भ्रांतियों
bhrantiyon,भ्रांतीयों,भ्रांतियों
mangesh,मंगेश,मंगेश
manch,मैनच,मंच
manchit,मैनचित,मंचित
mancheeye,मंचीय,मंचीय
manchiy,मंचिय,मंचीय
manchiya,मंचिया,मंचीय
manchon,मैनचों,मंचों
manjil,मंझिल,मंजिल
manzil,मंझील,मंजिल
manjila,मंझिला,मंजिला
manzila,मंझीला,मंजिला
manjilein,मंझिलें,मंजिलें
manjilen,मंझिलें,मंजिलें
manzilein,मंझीलें,मंजिलें
manto,मंतो,मंटो
mantriyon,मंत्रियों,मंत्रियों
makrani,मकरानी,मकरानी
maksad,मकसद,मक्सद
makhdumpur,मखदूमपुर,मखदुमपुर
machaaye,मचाय,मचाए
machae,मचाए,मचाए
machaye,मचाए,मचाए
machaanon,मचानों,मचानों
machanno,मचन्नो,मचानों
machano,मचानो,मचानों
machanon,मचानों,मचानों
madaura,मदौरा,मढ़ौरा
madhuara,मधुरा,मढ़ौरा
madhura,मधुरा,मढ़ौरा
manipal,मनिपाल,मणिपाल
matpatron,मतपत्रों,मतपत्रों
matthe,मट्थे,मत्थे
matsyavatar,मत्स्यवतर,मत्स्यावतार
matsyavtar,मत्स्यावतर,मत्स्यावतार
masyendranath,मस्येंद्रनाथ,मत्स्येंद्रनाथ
matsyendranath,मत्स्येंद्रनाथ,मत्स्येंद्रनाथ
madhupur,मधुपुर,मधुपुर
manmarji,मनमर्जी,मनमर्जी
manae,मनाई,मनाए
manaye,मनाये,मनाए
mnaey,मने,मनाए
mam,माम,मम
mum,मुम,मम
maryokar,मर्योकर,मयोर्का
mayorka,मेयरका,मयोर्का
mayorkaa,मेयरका,मयोर्का
mardaani,मर्दानी,मरदानी
mardani,मर्दानी,मरदानी
marmar,मर्मार,मरमर
murmur,मुरमूर,मरमर
maratha,मराथा,मराठा
marathi,मराठी,मराठी
marji,मार्जी,मर्जी
mardanagi,मर्दानागी,मर्दानगी
mardangi,मर्दंगी,मर्दानगी
mardo,मार्डो,मर्दों
mardon,मार्डों,मर्दों
maryaadaa,मर्यादा,मर्यादा
maryada,मर्यदा,मर्यादा
maryaadaaon,मर्यादाओं,मर्यादाओं
maryadaon,मर्यदाओं,मर्यादाओं
malaga,मलगा,मलागा
malaar,मलार,मलार
malar,मलार,मलार
mashrak,मशरक,मशरक
masaaledaar,मसालेदार,मसालेदार
masaledaar,मसलेदार,मसालेदार
masaledar,मसलेदार,मसालेदार
masoor,मसूर,मसूर
masur,मसूर,मसूर
masse,मैसे,मस्से
mahakane,महाकाने,महकने
mahakne,महाकने,महकने
mahkane,महकाने,महकने
mehkane,मेहकाने,महकने
mahalon,महालों,महलों
mahlon,महलों,महलों
mahagranth,महाग्रंथ,महाग्रंथ
mhagranth,महाग्रंथ,महाग्रंथ
mahajan,महाजन,महाजन
mhajan,महाजन,महाजन
mahathir,महाथीर,महाथिर
mhathir,महाठिर,महाथिर
mahanatam,महानतम,महानतम
mahantam,महंतम,महानतम
mhantam,महांतम,महानतम
mahanideshak,महानिदेशक,महानिदेशक
mahanirdeshak,महानिर्देशक,महानिदेशक
mhanideshak,महानिदेशक,महानिदेशक
mahapauron,महापौरों,महापौरों
mhapauron,महापौरों,महापौरों
mahapran,महाप्रण,महाप्राण
mhapran,महाप्रण,महाप्राण
mahamantr,महामंत्र,महामंत्र
mahamantra,महामंतरा,महामंत्र
mhamantra,महामंत्र,महामंत्र
maharaja,महाराजा,महाराजा
mahavigyan,महाविज्ञान,महाविज्ञान
mhavidyan,महाविद्यान,महाविज्ञान
mahavidya,महाविद्य,महाविद्या
mhavidya,महाविद्य,महाविद्या
mahavishnu,महाविष्णु,महाविष्णु
mahasingh,महासिंह,महासिंह
mahasinh,महासिंह,महासिंह
mahipal,महिपाल,महिपाल
mahin,महिन,महीन
mahinon,महिनों,महीनों
maang,मांग,मांग
mang,मैंग,मांग
mangani,मंगानी,मांगनी
mangni,मंगनी,मांगनी
maanga,मानगा,मांगा
manga,मंगा,मांगा
maangi,मांगी,मांगी
mangi,मंगी,मांगी
maange,मांगे,मांगे
mange,मंगे,मांगे
mango,मांगो,मांगो
maori,मौरी,माओरी
maajin,माजिन,माजिन
majin,मजिन,माजिन
mathe,मात्हे,माथे
mathey,माथे,माथे
maap,माप,माप
map,मैप,माप
mop,मोप,माप
mamooli,ममूली,मामूली
mamuli,मामुली,मामूली
mame,मेम,मामे
maarvaad,मारवाद,मारवाड़
marvad,मारवाद,मारवाड़
marwar,मारवार,मारवाड़
maariya,मारिया,मारिया
mariya,मरिया,मारिया
maariyo,मारियो,मारियो
mario,मारियो,मारियो
mariyo,मारियो,मारियो
martha,मार्था,मार्था
maalish,मालिश,मालिश
malish,मालिश,मालिश
mave,मावे,मावे
mavey,मवे,मावे
maas,मांस,मास
mas,मास,मास
mass,मैस,मास
maason,मासों,मासों
mason,मसों,मासों
mitaao,मिटाओ,मिटाओ
mitao,मिटाओ,मिटाओ
mithaai,मिठाई,मिठाई
mithai,मिथाई,मिठाई
media,मेडिया,मिडिया
mithila,मिथिला,मिथिला
mithilanchal,मिथिलेंचल,मिथिलांचल
mithya,मिथ्य,मिथ्या
mimicry,मिमिक्सी,मिमिक्री
milkiyat,मिलकियत,मिल्कियत
misha,मिशा,मिशा
mungeri,मूंजरी,मुंगेरी
mundva,मुंडवा,मुंडवा
mundwa,मुंडवा,मुंडवा
munshiganj,मूंशीगंज,मुंशीगंज
mukarte,मुकरते,मुकरते
mukartey,मुकरते,मुकरते
mukhopadhyaya,मुखोपाध्याय,मुखोपाध्याय
mukhyopadhyaay,मुख्योपाध्याय,मुखोपाध्याय
mukhyamantri,मुख्यमंत्री,मुख्यमंत्री
munaf,मुनाफ,मुनाफ
munafa,मुनफा,मुनाफा
munnu,मुन्नु,मुन्नू
mufalisi,मुफालिसी,मुफलिसी
muflisi,मुफलिसी,मुफलिसी
mubarakpur,मुबारकपुर,मुबारकपुर
mubarkpur,मुबरकपुर,मुबारकपुर
murjha,मुरझा,मुर्झा
multae,मुलताए,मुल्ताई
multai,मुलताई,मुल्ताई
mushahid,मुशाहिद,मुशाहिद
muhavare,मुहावरे,मुहावरे
muhavre,मुहावरे,मुहावरे
mooth,मूठ,मूठ
muth,मठ,मूठ
mood,मूद,मूड
mud,मुड़,मूड
moodi,मूदी,मूडी
moody,मूद्य,मूडी
mool,मूल,मूल
mul,मूल,मूल
moolchand,मूल्चंद,मूलचंद
mulchand,मुलचंद,मूलचंद
moolar,मूलर,मूलर
mular,मूलर,मूलर
muller,मल्लर,मूलर
moolon,मूलों,मूलों
mulon,मूलों,मूलों
maxico,मैक्सिको,मेक्सिको
mexico,मैक्सिको,मेक्सिको
mega,मेगा,मेगा
megapixal,मैगाटिकल,मेगापिक्सल
megapixel,मैगाटिक्सल,मेगापिक्सल
mejbaan,मेजबान,मेजबान
mejban,मेजबान,मेजबान
mezbaan,मेजबान,मेजबान
mejabani,मेजबानी,मेजबानी
mejbaani,मेजबानी,मेजबानी
mejbani,मेजबानी,मेजबानी
mezabani,मेजबानी,मेजबानी
mejbaan,मेजबान,मेज़बान
mejban,मेजबान,मेज़बान
mezbaan,मेजबान,मेज़बान
mejbaani,मेजबानी,मेज़बानी
mejbani,मेजबानी,मेज़बानी
mezbaani,मेजबानी,मेज़बानी
mate,मैट,मेट
met,मीट,मेट
mates,मैट्स,मेट्स
medical,मैडिकल,मेडीकल
methanol,मेथनाल,मेथेनॉल
menu,मेनू,मेनू
mem,मेम,मेम
melaghaat,मेलाघात,मेलघाट
melghat,मेलघट,मेलघाट
melaanin,मेलानिन,मेलानिन
melanin,मेलानिन,मेलानिन
melaani,मेलानी,मेलानी
melani,मेलानी,मेलानी
maheman,महेमान,मेहमान
mehamaan,मेहमान,मेहमान
mehaman,मेहमन,मेहमान
mehmaan,मेहमान,मेहमान
mehman,मेहमान,मेहमान
meharaam,मेहराम,मेहराम
mehram,मेहराम,मेहराम
macbook,मैकबुक,मैकबुक
matix,मैटिक्स,मैट्रिक्स
matrix,मैट्रिक्स,मैट्रिक्स
mad,मैड,मैड
made,मदे,मैड
maid,मैद,मैड
maddy,मद्द्य,मैडी
maidi,मैदी,मैडी
main,मैं,मैन
man,मन,मैन
men,मेन,मैन
mainan,मैनन,मैनन
menon,मेनों,मैनन
manner,मननर,मैनर
maina,मैना,मैना
maine,मैने,मैने
marrej,मैरेज,मैरेज
marriage,मैरिज,मैरेज
merraige,मरराइज,मैरेज
maisachusets,मैसाचुसेट्स,मैसाचुसेट्स
massachusetts,मैसाचुसेट्स,मैसाचुसेट्स
maisor,मैसोर,मैसोर
maisore,मैसोर,मैसोर
mysore,मिसूर,मैसोर
mod,मोड़,मॉड
mode,मॉड,मॉड
modern,मॉडर्न,मॉडर्न
module,मोडुल,मॉड्यूल
modules,मोडुल्स,मॉड्यूल्स
modyuls,मॉड्यूल्स,मॉड्यूल्स
mauritious,मौरीशियस,मॉरिशस
mauritius,मौरीशस,मॉरिशस
mogali,मोगली,मोगली
mowgli,मूगली,मोगली
motive,मोटिवे,मोटिव
mol,मॉल,मोल
mold,मॉल्ड,मोल्ड
moshe,मोशे,मोशे
mosad,मोसाद,मोसाद
mohana,मोहना,मोहाना
mohani,मोहनि,मोहानी
mohini,मोहिनी,मोहिनी
mohim,मोहिम,मोहिम
maukon,मौकों,मौकों
mauma,मौमा,मौमा
maurya,मौर्य,मौर्या
morya,मोरया,मौर्या
maurya,मौर्य,मौर्यों
mauryon,मौर्यों,मौर्यों
moryon,मोरिया,मौर्यों
maulaviyon,मौलवियों,मौलवियों
maulvidon,मौलविदों,मौलवियों
maulviyon,मौलवियों,मौलवियों
maule,मौले,मौले
mauley,मौले,मौले
mausa,मौसा,मौसा
yatn,याटन,यत्न
yatna,यातना,यत्न
yada,यादा,यदा
yda,वादा,यदा
yaduvansh,यदुवंश,यदुवंश
yaduwansh,यदुवंश,यदुवंश
jerusalem,जेरूसलम,यरूशलेम
yarooshaleim,यरूशलेम,यरूशलेम
yarushalem,यरूशलेम,यरूशलेम
yashpaal,यशपाल,यशपाल
yashpal,यशपाल,यशपाल
yaatna,याटना,यातना
yatna,यातना,यातना
yaatanaon,याटनाओं,यातनाओं
yatnaon,यातनाओं,यातनाओं
yarayan,यरायन,यात्राएं
yatraein,यात्राएं,यात्राएं
yatraen,यात्राएं,यात्राएं
yaariyan,यारियां,यारियां
yariyan,यरियां,यारियां
yaari,यारी,यारी
yari,यरी,यारी
yugam,युगम,युग्म
yugm,युगम,युग्म
yuddhrat,युद्धरत,युद्धरत
yudhrat,युधरत,युद्धरत
ukrainian,उक्रेनियन,यूक्रेनियन
ukranian,उक्रानिया,यूक्रेनियन
jerusalem,जेरूसलम,येरुशलम
yorker,यॉर्कर,यॉर्कर
yojanaein,योजनाएं,योजनाएं
yojanaen,योजनाएं,योजनाएं
yojanaye,योजनाय,योजनाएं
rangate,रंगते,रंगते
rangte,रंगते,रंगते
rangkata,रंगकता,रंजकता
ranjkatha,रणजकथा,रंजकता
ranjkta,रणजकता,रंजकता
raees,राईस,रईस
rais,राईएस,रईस
raktaabh,रक्ताभाभ,रक्ताभ
raktabh,रक्तभ,रक्ताभ
rakhna,रखना,रखना
raghupati,रघुपति,रघुपति
raghuram,रघुराम,रघुराम
registerd,रेजिस्टर्ड,रजिस्टर्ड
registered,रेजिस्टरेड,रजिस्टर्ड
ratanpur,रतनपुर,रतनपुर
runners,रनर्स,रनर्स
rayan,रायन,रयान
ryan,र्यान,रयान
ralhan,रलहण,रल्हन
ravish,रविष,रविश
ravael,रावैल,रवैल
ravel,रेवल,रवैल
rawail,रावैल,रवैल
rasad,रसद,रसद
rasaayanik,रसायनिक,रसायनिक
rasaayanika,रसायनिक,रसायनिक
rasayanika,रसायनिक,रसायनिक
rasyanik,रस्यानिक,रसायनिक
rasaayanon,रसायनों,रसायनों
rasayanon,रसायनों,रसायनों
rahamat,रहमत,रहमत
rahmat,रहमत,रहमत
rhamat,रहमात,रहमत
rahenge,रहेंगे,रहेंगे
rahegi,रहेगी,रहेगी
rounder,राउंडर,राउंडर
raak,राक,राक
rak,रक,राक
raakhe,राखे,राखे
rakhe,रखे,राखे
raagon,रागों,रागों
ragon,रगों,रागों
raghavan,रघावान,राघवन
raaj,राज,राज
raj,राज,राज
rajkot,राजकोट,राजकोट
rajtantra,राजतंत्र,राजतंत्र
raajneetikaran,राजनीतिकरण,राजनीतीकरण
rajneetikaran,राजनीतिकरण,राजनीतीकरण
rajnitikaran,राजनीतकरक्ण,राजनीतीकरण
rajma,राजमा,राजमां
rajman,राजमान,राजमां
raajasva,राजस्व,राजस्व
rajasva,राजसवा,राजस्व
raaji,राजी,राजी
raji,राजी,राजी
rajinaama,राजिनामा,राजीनामा
rajinama,राजिनमा,राजीनामा
raajon,राजों,राजों
rajon,राजों,राजों
rana,राना,राणा
raatrichar,रात्रिचर,रात्रिचर
ratrichar,रात्रिचर,रात्रिचर
raadhe,राधे,राधे
radhe,राधे,राधे
ranapur,रणापुर,रानापुर
rabin,राबीन,राबिन
robin,रोबिन,राबिन
rabha,रभा,राभा
ramkot,रामकोट,रामकोट
ramkote,रामकोटे,रामकोट
ramtek,रामतेक,रामटेक
rampur,रामपुर,रामपुर
rambharose,रामभरोज,रामभरोसे
rambharosey,रामभरोसे,रामभरोसे
ramraj,रामराज,रामराज
raalod,रालोड,रालोद
ralaud,रालाड,रालोद
ralod,रलोड,रालोद
ravaley,रावले,रावले
ravle,रावल,रावले
rasayanik,रसायनिक,रासायनिक
racreation,राकरिएशन,रिक्रिएशन
recreation,रिकरिएशन,रिक्रिएशन
rig,राइज,रिग
riggs,रिग्स,रिग्स
rigs,राइज्स,रिग्स
richual,रिचुअल,रिचुअल
ritual,रितुअल,रिचुअल
reduction,रेडक्शन,रिडक्शन
ripan,रिपण,रिपन
ripon,रिपों,रिपन
ria,रिया,रिया
riya,रिया,रिया
rishte,रिश्ते,रिश्ते
rishtey,रिश्ते,रिश्ते
risane,रिसने,रिसने
risaney,रिसने,रिसने
risne,रिजने,रिसने
rihana,रिहाना,रिहाना
rihanna,रिहनना,रिहाना
regal,रजाल,रीगल
rigal,राइगल,रीगल
reasonal,रिसोनल,रीजनल
regional,रजियनल,रीजनल
retreate,रेटरिएट,रीट्वीट
retweet,रेटवीत,रीट्वीट
reeta,रीता,रीता
rita,रीता,रीता
rukate,रुकते,रुकते
rukte,रुकते,रुकते
ruktey,रुकते,रुकते
rugan,ऋग्ण,रुग्ण
rugna,रूग्ण,रुग्ण
ruganta,रूगांता,रुग्णता
rugnata,रूग्णता,रुग्णता
rojvelt,रोजवेल्ट,रुजवेल्ट
roojwelt,रूजवेल्ट,रुजवेल्ट
roosevelt,रूज़लेल्ट,रुजवेल्ट
rodolph,रोडोल्फ,रुडोल्फ
rudolf,रूडोल्फ,रुडोल्फ
rudolph,रूडोल्फ,रुडोल्फ
roopesh,रूपेश,रुपेश
rupesh,रूपेश,रुपेश
ruby,रूबी,रुबी
roomani,रूमानी,रुमानी
rumani,रूमानी,रुमानी
rukavaton,रुकावटों,रूकावटों
root,रूत,रूट
route,राउत,रूट
rooting,रूतिंग,रूटिंग
routine,राउतिन,रूटिंग
routing,रुटिंग,रूटिंग
roots,रूत्स,रूट्स
routes,राउटेस,रूट्स
roopak,रूपक,रूपक
rupak,रूपक,रूपक
roopi,रूपी,रूपी
rupi,रूपी,रूपी
rantle,रांटल,रेंटल
rental,रेंटल,रेंटल
registan,रजिस्टन,रेगिस्तान
registani,रजिस्टेनी,रेगिस्तानी
reja,रेजा,रेजा
reza,रेजा,रेजा
rate,राते,रेट
rate,राते,रेत
ret,रेट,रेत
refaeli,रेफेली,रेफेली
refeli,रेफेली,रेफेली
reshe,रेशे,रेशे
reshey,रेशे,रेशे
race,रेस,रेस
rese,रिस,रेस
racer,रेसर,रेसर
recer,रिसर,रेसर
racing,रेसिंग,रेसिंग
reson,रिसों,रेसों
rehaana,रहाना,रेहाना
rehana,रहाना,रेहाना
racketeer,राकेटीयर,रैकेटियर
racketier,राकेटीयर,रैकेटियर
rectare,रेक्टेयर,रैकेटियर
radical,रेडिकल,रैडिकल
raidical,रायडिकल,रैडिकल
raith,रैथ,रैथ
rapping,राप्पिंग,रैपिंग
wrapping,वाप्पिंग,रैपिंग
robertsan,रोबर्ट्सन,रॉबर्टसन
robertson,रॉबर्ट्सों,रॉबर्टसन
robinson,रोबिंसों,रॉबिंसन
royals,रॉयल्स,रॉयल्स
rojlin,रोजलिन,रोजलिन
rozlyn,रोजलिन,रोजलिन
rotation,रोटाशन,रोटेशन
rodrigo,रोडरिगो,रोड्रिगो
ronaldo,रोनाल्डो,रोनाल्डो
ronit,रोनिट,रोनित
roni,रोनी,रोनी
ropane,रोपने,रोपने
ropaney,रोपने,रोपने
ropne,रोपने,रोपने
robin,रोबिन,रोबिन
roya,रोया,रोया
rollers,रॉलर्स,रोलर्स
rovan,रोवन,रोवन
rowan,रोवन,रोवन
rosario,रोसरियो,रोसारियो
rosariyo,रोसरियो,रोसारियो
raubadaar,रऊबदार,रौबदार
raubadar,रऊबदर,रौबदार
raubdar,रऊबदार,रौबदार
landara,लांदरा,लंगड़ा
langada,लांगाड़ा,लंगड़ा
langda,लांगडा,लंगड़ा
langar,लांगर,लंगर
langaron,लांगारों,लंगरों
langron,लांग्रों,लंगरों
lambi,लंबी,लंबी
lakeer,लाकीर,लकीर
lakir,लकिर,लकीर
lakiron,लकिरों,लकीरों
lakme,लकमे,लक्मे
lakshmidhar,लक्ष्मीधार,लक्ष्मीधर
lakshmighar,लक्ष्मीघार,लक्ष्मीधर
lakshy,लक्ष्य,लक्ष्य
lakshya,लक्ष्य,लक्ष्य
lakshyon,लक्ष्यों,लक्ष्यों
lux,लक्स,लक्स
laksar,लकसर,लक्सर
luxor,लक्सोर,लक्सर
lakhkhi,लखख्छी,लख्खी
lagna,लगना,लगना
laganewale,लगनेवाले,लगनेवाले
lagnevaaley,लगनेवाले,लगनेवाले
lagnewale,लगनेवाले,लगनेवाले
lagega,लगेगा,लगेगा
lajjalu,लज्लालु,लज्जालु
latkate,लटकते,लटकाते
ladki,लडकी,लड़की
ladate,लादते,लड़ते
ladte,लड़ते,लड़ते
ladaai,लादाई,लड़ाई
ladai,लादाई,लड़ाई
ladaaiyon,लादाईयों,लड़ाईयों
ladaeyon,लादाईयों,लड़ाईयों
ladaiyon,लादाइयों,लड़ाईयों
lapetane,लपेटने,लपेटने
lapetne,लपेटने,लपेटने
labada,लाबाड़ा,लबादा
lbada,लबाड़ा,लबादा
labdh,लाभढ़,लब्ध
lbdh,एलधबी,लब्ध
lalak,लालक,ललक
lalkarata,लालकराता,ललकारता
lalkarta,लालकर्ता,ललकारता
lalla,लला,लल्ला
lavasa,लवासा,लवासा
lovasa,लवासा,लवासा
lassi,लासी,लस्सी
lahanaa,लहना,लहना
lahna,लहना,लहना
lehna,लहना,लहना
lahraee,लहराई,लहराई
lahrai,लहराई,लहराई
lehrayi,लहरायी,लहराई
lahalhati,लहलहाती,लहलहाती
lahlahaati,लहलाहाती,लहलहाती
lahlahati,लहलाहती,लहलहाती
lahsun,लहसुन,लहसुन
lasoon,लासूओं,लहसुन
lanchar,लांचर,लांचर
launcher,लॉन्चेर,लांचर
lycopene,लायकॉपेन,लाइकोपिन
lime,लिम,लाइम
lives,लिव्स,लाइव्स
live,लिव,लाईव
laegi,लाएगी,लाएगी
lagataar,लगातार,लागातार
lagatar,लगातार,लागातार
laata,लाटा,लाता
lata,लता,लाता
laati,लाती,लाती
lati,लाकी,लाती
layega,लाएगा,लायेगा
lalpur,लालपुर,लालपुर
las,लास,लास्ट
last,लास्त,लास्ट
lindbhed,लिंधभ,लिंगभेद
lingbhed,लिंग्भेड़,लिंगभेद
lindan,लिंदन,लिंडन
lindn,लिंडन,लिंडन
lindon,लिंडों,लिंडन
likhakar,लिखाकर,लिखकर
likhkar,लिखकर,लिखकर
ligar,लाइगर,लिगर
liger,लाइजर,लिगर
liberation,लिबरेशन,लिबरेशन
libration,लिब्रेशन,लिबरेशन
liberation,लिबरेशन,लिब्रेशन
libration,लिब्रेशन,लिब्रेशन
leaderon,लीडरों,लीडरों
leedaron,लीडारों,लीडरों
lidaron,लिडारों,लीडरों
liidaron,लियदारों,लीडरों
louis,लाउइस,लुईस
luis,लुइस,लुईस
ludhakate,लुढ़कते,लुढ़कते
ludhkate,लुढ़कते,लुढ़कते
lurhakate,लुढ़कते,लुढ़कते
lutf,लूट,लुत्फ
lumding,लुम्डिंग,लुमडिंग
lootmaar,लूटमार,लूटमार
lootmar,लूटमार,लूटमार
landal,लैंडल,लेंडल
lendal,लेनदाल,लेंडल
lega,लेगा,लेगा
legaa,लेगा,लेगा
letakar,लेटकर,लेटकर
letkar,लेटकर,लेटकर
lenevali,लेनेवाली,लेनेवाली
lenewali,लेनेवाली,लेनेवाली
label,लबेल,लेबल
labeling,लेबेलिंग,लेबलिंग
labelling,लेबेलिंग,लेबलिंग
labelo,लबेलो,लेबलों
labelon,लबेलोन,लेबलों
lebalon,लेबलों,लेबलों
lemon,लेमोन,लेमन
laingadan,लाइंगादन,लैंगडन
langdon,लांगड़ों,लैंगडन
lengdan,लेंगडन,लैंगडन
laigikata,लाएगिकता,लैंगिकता
laingikta,लाइंगिकता,लैंगिकता
lanset,लांसेट,लैंसेट
lenset,लेसेट,लैंसेट
lairi,लायरी,लैरी
lairy,लारी,लैरी
larry,लारी,लैरी
lace,लेस,लैस
less,लेस,लैस
locket,लॉकेट,लॉकेट
laundry,लौंद्री,लॉन्ड्री
longewal,लंगेवाल,लोंगोवाल
longewala,लोंगेवाला,लोंगोवाल
longoval,लंगोवाल,लोंगोवाल
log,लॉग,लोग
loge,लॉज,लोगे
lochdar,लोचडर,लोचदार
lodi,लॉडी,लोदी
laurence,लॉरेंस,लौरेंस
laurens,लॉरेंस,लौरेंस
laurense,लॉरेंस,लौरेंस
wonder,वोंडर,वंडर
vansh,वंश,वंश
vanshdhar,वंशधार,वंशधर
vanshavad,वंशावाद,वंशवाद
vanshvaad,वंश्वाद,वंशवाद
vanshvad,वंश्वाद,वंशवाद
wanshwad,वंशवाद,वंशवाद
vajood,वजूद,वजूद
vajud,वाजुद,वजूद
wajood,वजूद,वजूद
vadali,वादली,वडाली
vadli,वाडली,वडाली
wadali,वादली,वडाली
vanita,वानित,वनिता
vareinye,वरेनी,वरेण्य
varenya,वरेन्य,वरेण्य
varn,वर्न,वर्ण
varna,वर्ण,वर्ण
varnit,वर्नित,वर्णित
vartamaan,वार्तमान,वर्तमान
vartaman,वार्तमान,वर्तमान
vartmaan,वार्तमान,वर्तमान
vartman,वार्तमन,वर्तमान
varddhaman,वर्द्धमन,वर्द्धमान
vardhmaan,वर्धमान,वर्द्धमान
vardhman,वर्धमान,वर्द्धमान
verbal,वेरबल,वर्बल
varshan,वर्षण,वर्शन
vasharan,वाषरण,वर्शन
vershan,वर्षण,वर्शन
version,वर्जिन,वर्शन
varsaache,वर्साचे,वर्साचे
varsaryache,वर्सर्यच,वर्साचे
vasearche,वसेर्चे,वर्साचे
valkan,वाल्कन,वल्कन
valkkan,वालक्कन,वल्कन
velkan,वेलकन,वल्कन
vash,वाश,वश
vashikaran,वाष्पीकरण,वशीकरण
vaangchuk,वांगचुक,वांगचुक
vangchuk,वांगचुक,वांगचुक
wangchuk,वांगचुक,वांगचुक
want,वांट,वांट
vije,विजे,वाइज
vise,विज,वाइज
wise,विज,वाइज
vatar,वाटर,वाटर
water,वाटर,वाटर
watson,वात्सों,वाटसन
wattson,वत्सों,वाटसन
vaan,वान,वाण
waan,वान,वाण
vaanon,वानों,वाणों
vanon,वनों,वाणों
wanon,वनों,वाणों
vatanukulan,वातानुकूलन,वातानुकूलन
watanukoollan,वाटानुकूल्लन,वातानुकूलन
vaadak,वादक,वादक
vadak,वादक,वादक
vaadiyon,वाडियों,वादियों
vadiyon,वाडियों,वादियों
wadiyon,वाडियों,वादियों
vayana,वयना,वायना
vayna,वायना,वायना
wayna,वायना,वायना
wireless,वायरल्स,वायरलेस
wirerless,वायरलेस,वायरलेस
warrior,वारियोड़,वारियर्स
warriors,वारियोर्स,वारियर्स
valve,वालवे,वाल्व
wolv,वोल्व,वाल्व
vastavik,वस्तविक,वास्तविक
vastvik,वस्तविक,वास्तविक
vaahikayen,वाहिकाएं,वाहिकाएं
vahikayen,वहिकाएं,वाहिकाएं
wahikayan,वहिकाएं,वाहिकाएं
winter,विनटर,विंटर
vincent,विंसेंट,विंसेंट
vikalpon,विकलपों,विकल्पों
wicket,विकेट,विकेट
vikramjeet,विक्रमजीत,विक्रमजीत
vikramjit,विक्रमजित,विक्रमजीत
vichaarakon,विचारकों,विचारकों
vicharakon,विचारकों,विचारकों
vigyan,विज्ञान,विज्ञान
vigyaani,विज्ञानी,विज्ञानी
vigyani,विज्ञानी,विज्ञानी
vigyaanon,विज्ञानों,विज्ञानों
vigyanon,विज्ञानों,विज्ञानों
vitthal,वित्थल,विट्ठल
viththal,विथ्थाल,विठ्ठल
vitthal,वित्थल,विठ्ठल
vitark,वितर्क,वितर्क
vidhaaein,विधाएं,विद्याएं
vidyaayein,विद्याएं,विद्याएं
vidyaen,विद्याएं,विद्याएं
vidhaaon,विधाओं,विद्याओं
vidyaaon,विद्याओं,विद्याओं
vidyaon,विद्याओं,विद्याओं
vidhansabhaein,विधानसभाएं,विधानसभाएं
vidhansabhaen,विधानसभाएं,विधानसभाएं
vidhivat,विधिवत्,विधिवत
vidhut,विधुत,विधुत
vinasht,विनाश्ट,विनष्ट
vineet,विनीत,विनीत
vinit,विनीत,विनीत
vipreetataa,विप्रीता,विपरीतता
vipritata,विपरिताता,विपरीतता
vipra,विप्र,विप्रा
vipro,विप्रो,विप्रो
wipro,विप्रो,विप्रो
vibha,विभा,विभा
vibhajak,विभाजक,विभाजक
vibhram,विभरम,विभ्रम
vibhrm,विभर्म,विभ्रम
vibram,वाइब्राम,विभ्रम
vimarsh,विमर्श,विमर्श
vimarsho,विमर्शो,विमर्शों
vimarshon,विमर्शों,विमर्शों
virajati,विराजती,विराजती
virechan,विरेचन,विरेचन
virodh,विरोध,विरोध
virodhabhasi,विरोधभासी,विरोधाभासी
virodhabhason,विरोधभासों,विरोधाभासों
vividh,विविध,विविध
vivekahin,विवेकाहिन,विवेकहीन
vivekheen,विवेखीन,विवेकहीन
visheshan,विशेषण,विशेषण
visheshanon,विशेषणों,विशेषणों
visheshaadhikaar,विशेषाधिकार,विशेषाधिकार
visheshadhikar,विशेषाधिकार,विशेषाधिकार
vishwasaniy,विश्वासनीय,विश्वसनीय
vishwasniiya,विश्वासनीय,विश्वसनीय
vishwasaniyata,विश्वासनीयता,विश्वसनीयता
vishwasniiyataa,विश्वासनीयता,विश्वसनीयता
vishahin,विषाहिन,विषहीन
vishhin,विश्षिन,विषहीन
vishanu,विषाणु,विष्णु
vishnu,विष्णु,विष्णु
vlc,वालसी,वीएलसी
weeks,वीक्स,वीक्स
veerchand,वीरचंद,वीरचंद
virchand,विरचंद,वीरचंद
veeresh,वीरेश,वीरेश
viresh,विरेश,वीरेश
vritton,वृत्तों,वृत्तों
vruton,वृतों,वृत्तों
vrutton,वृत्तों,वृत्तों
venkataraman,वेंकटरमण,वेंकटरमन
venkatraman,वेंकटरमण,वेंकटरमन
ved,वेद,वेड
wade,वादे,वेड
wed,वेड,वेड
wedding,वेद्जिंग,वेडिंग
vediyon,वेदियों,वेदियों
vedon,वेदों,वेदों
venezuela,वेनेजुला,वेनेजुएला
veronica,वेरोनिका,वेरोनिका
veronika,वेरोनिका,वेरोनिका
weronika,वेरोनिका,वेरोनिका
velvet,वेल्वेट,वेलवेट
welwet,वेल्वेट,वेलवेट
welder,वेल्डर,वेल्डर
weldor,वेल्डोर,वेल्डर
welding,वेल्डिंग,वेल्डिंग
wealth,वील्थ,वेल्थ
vellur,वेल्यूर,वेल्लूर
velur,वेल्यर,वेल्लूर
vesh,वेश,वेश
wasting,वास्टिंग,वेस्टिंग
westing,वेस्टिंग,वेस्टिंग
wastinghouse,वस्तिंहोहस,वेस्टिंगहाउस
westinghouse,वेस्टिंघाउस,वेस्टिंगहाउस
vaisley,वैसले,वेस्ले
vesle,वेस्ले,वेस्ले
wesle,वेस्ले,वेस्ले
vaigyaanik,वैग्ञानिक,वैज्ञानिक
vaigyanik,वैग्ञानिक,वैज्ञानिक
vegyanik,वेग्ञानिक,वैज्ञानिक
vaigyaanikta,वैग्ञानिकता,वैज्ञानिकता
vaigyanikata,वैग्ञानिकता,वैज्ञानिकता
vaigyanikta,वैग्ञानिकता,वैज्ञानिकता
vaitravati,वैत्रवती,वैत्रवती
vaitrawati,वैत्रवती,वैत्रवती
vaimanasy,वैमनासी,वैमनस्य
vaimanasya,वैमनाश्य,वैमनस्य
vaimanya,वैमन्य,वैमनस्य
very,वेरी,वैरी
vaisaakh,वैसाख,वैशाख
vaishakh,वैशाख,वैशाख
vaishaakhi,वैशाखी,वैशाखी
vaishakhi,वैशाखी,वैशाखी
vaishnodevi,वैष्नोदेवी,वैष्णोदेवी
vyaktigat,व्यक्तिगात,व्यक्तिगत
vyagr,व्याग्र,व्यग्र
vyagra,व्याग्र,व्यग्र
vyatit,व्यातित,व्यतीत
vytit,व्यतित,व्यतीत
vyabhichar,व्याभिचार,व्यभिचार
vyabhichari,व्याभिचारी,व्यभिचार
vyavadhan,व्यवाधान,व्यवधान
vyavdhan,व्यवधान,व्यवधान
vyavahargat,व्यवहारगात,व्यवहारगत
vyvhargat,व्यवारागत,व्यवहारगत
vyaghat,व्याघात,व्याघात
vyapak,व्यापक,व्यापक
vlad,व्लाद,व्लाद
wlaad,व्लाड,व्लाद
vladimir,व्लादीमीर,व्लादिमीर
shanghai,शंघाई,शंघाई
shatpath,शत्पथ,शतपथ
shanivar,शानिवार,शनिवार
shaniwar,शानिवार,शनिवार
shabana,शबना,शबाना
shbana,शबाना,शबाना
shabdarth,शब्दार्थ,शब्दार्थ
shamadan,शामदान,शमादान
shmadan,शमदान,शमादान
shamitabh,शमिताभ,शमिताभ
shamil,शमिल,शमिल
shmil,शमिल,शमिल
sharabon,शराबों,शराबों
shrabon,श्राबों,शराबों
shararat,शरारत,शरारत
shrart,श्रार्त,शरारत
sharmana,शर्माना,शर्माना
shaharwasiyon,शहरवासियों,शहरवासियों
shahrvasiyon,शहरवासियों,शहरवासियों
shervasiyon,शेरवासियों,शहरवासियों
shahdara,शाहदरा,शहादरा
shaantikaal,शांतिकाल,शांतिकाल
shantikal,शांतिकाल,शांतिकाल
shaao,शाओ,शाओ
shao,शाओ,शाओ
shaakir,शाकीर,शाकिर
shakir,शाकीर,शाकिर
shaakhaaen,शाखाएं,शाखाएं
shakhayan,शखायान,शाखाएं
shakhayen,शखाएं,शाखाएं
shayak,शायक,शायक
shaavakon,शावकों,शावकों
shavakon,शवाकों,शावकों
shavkon,शावकों,शावकों
shaasaka,शासाका,शासक
shasak,शासक,शासक
sasakon,सासकों,शासकों
shaasakon,शासकों,शासकों
shasakon,शासकों,शासकों
shipra,शिप्र,शिप्रा
shirke,शिरके,शिर्के
sheershakon,शीर्षकों,शीर्षकों
shirshakon,शिर्षकों,शीर्षकों
shirshkon,शिर्षकों,शीर्षकों
shujaat,शुजात,शुजात
shujat,शुजात,शुजात
shooting,शूटिंग,शुटिंग
shutting,शटिंग,शुटिंग
should,शौल्ड,शुड
shud,शुद,शुड
shubhankar,शुभंकर,शुभंकर
shumaali,शुमाली,शुमाली
shumali,शुमाली,शुमाली
shringaar,श्रृंगार,शृंगार
shringar,श्रृंगार,शृंगार
shrungar,शृंगार,शृंगार
sheling,शेलिंग,शेलिंग
shelling,शेलिंग,शेलिंग
shaili,शैली,शैली
shaly,शल्य,शैली
sheli,शेली,शैली
shaishav,शैषाव,शैशव
sean,सीन,शॉन
shaun,शौन,शॉन
shawn,शावन,शॉन
short,शौट,शोर्ट
sure,सुरे,श्योर
shrankhala,श्रृंखला,श्रंखला
shrankhalaa,श्रृंखला,श्रंखला
shrunkhla,शृंखला,श्रंखला
shrankhalaaon,श्रृंखलाओं,श्रंखलाओं
shrinkhalaon,श्रृंखलाओं,श्रंखलाओं
shrunkhlaon,शृंखलाओं,श्रंखलाओं
shravani,श्रवनी,श्रावणी
shrikar,श्रीकर,श्रीकर
shrikhand,श्रीखंड,श्रीखंड
shrimati,श्रीमती,श्रीमति
shriram,श्रीराम,श्रीराम
sriram,श्रीराम,श्रीराम
shrotaon,श्रोताओं,श्रोताओं
shat,शत,षट्
sankhyaein,संख्याएं,संख्याएं
sankhyaen,संख्याएं,संख्याएं
sankhyayen,संख्याएं,संख्याएं
sanghanit,संघानित,संघनित
sanghnit,संघनीत,संघनित
sanchayan,संचायन,संचयन
sanchar,संचर,संचार
sanchaari,संचारी,संचारी
sanchari,संचारी,संचारी
sanchalanon,संचालनों,संचालनों
sanchalnon,संचालनों,संचालनों
sanjay,संजय,संजय
sanjeevan,संजीवन,संजीवन
sanjivan,संजीवन,संजीवन
santati,संतती,संतति
sandarbh,संडरभ,संदर्भ
sandarbha,संडरभा,संदर्भ
sandrbh,संद्रभ,संदर्भ
sandarbhon,संडरभों,संदर्भों
sandrbhon,संद्रभों,संदर्भों
sandali,संडली,संदली
sandli,संदली,संदली
sandhan,संधन,संधान
samprati,संप्रती,संप्रति
samprti,संप्रति,संप्रति
samprabhu,संप्रभु,संप्रभु
samprbhu,संप्रभु,संप्रभु
samprabhuta,संप्रभूता,संप्रभुता
samprbhuta,संप्रभूता,संप्रभुता
sambit,संबित,संबित
sambhalane,संभानने,संभालने
sambhalne,संभानने,संभालने
sambhrant,संभरणत,संभ्रांत
sanbharnt,संभरणत,संभ्रांत
sanyog,संयोग,संयुक्त
sanyukt,संयुक्त,संयुक्त
sanyukta,संयुक्त,संयुक्त
sanyukta,संयुक्त,संयुक्ता
sanyogvash,संयोगवाश,संयोगवश
sanyojan,संयोजन,संयोजन
sanyojanon,संयोजनों,संयोजनों
sanyojnon,संयोजनों,संयोजनों
samvedikaran,संवेदिकरण,संवेदीकरण
sanvedikaran,संवेदिकरण,संवेदीकरण
samshayon,समषायों,संशयों
sanshayon,संशायों,संशयों
sanshyon,संश्यों,संशयों
sanskaar,संस्कार,संस्कार
sanskar,संस्कर,संस्कार
sanskaari,संस्कारी,संस्कारी
sanskari,संस्करी,संस्कारी
sanskrit,संस्कृत,संस्कृत
sanskurt,संस्कृत,संस्कृत
sanskritiyan,संस्कृतियां,संस्कृतियां
sanskrutiyan,संस्कृतियां,संस्कृतियां
sanskritiyon,संस्कृतियों,संस्कृतियों
sanskrutiyon,संस्कृतियों,संस्कृतियों
sanasthit,सनस्थित,संस्थित
sansthit,संस्थित,संस्थित
sanasthita,सनस्थिता,संस्थिता
sansthita,संस्थिता,संस्थिता
sakara,सकरा,सकरा
sakra,सकरा,सकरा
sakshan,साक्षण,सक्शन
suction,सूक्शन,सक्शन
sacchidanand,सच्चिदानंद,सच्चिदानंद
sachhidanand,सच्छिदानंद,सच्चिदानंद
sachidanand,सचिदानंद,सच्चिदानंद
sajja,सज्जा,सज्जा
sat,सात,सत
satpal,सप्तल,सतपाल
satluj,सतलूज,सतलुज
sataane,सताने,सताने
satane,सतने,सताने
sate,सटे,सते
satti,सत्ती,सत्ती
satvat,सत्वत,सत्वत
sadanand,सदनंद,सदानंद
sapane,सपने,सपने
sapne,सपने,सपने
sapney,सपने,सपने
saparivaar,सपरिवार,सपरिवार
sapariwar,सपरिवार,सपरिवार
sparivar,स्परिवार,सपरिवार
sapaat,सपात,सपाट
sapat,सपत,सपाट
sapate,सपते,सपाटे
sapatey,सपते,सपाटे
saptakranti,सप्तक्रांति,सप्तक्रांति
saptkraanti,सप्तकांती,सप्तक्रांति
saptapadi,सप्तपादी,सप्तपदी
saptpadi,सप्तपादी,सप्तपदी
saptari,सप्तऋण,सप्तरी
sapramaan,सप्रमाण,सप्रमाण
sapraman,सप्रमान,सप्रमाण
submit,सब्मित,सबमिट
sabmission,साब्मिसन,सबमिशन
submission,सब्मिसन,सबमिशन
sabhaein,सभाएं,सभाएं
sabhaen,सभाएं,सभाएं
sabhayen,सभायें,सभाएं
sabhen,सभें,सभाएं
sabhasadon,सभासदों,सभासदों
sabhyata,सभ्यता,सभ्यता
samjhoonga,समझूंगा,समझूंगा
samjhunga,समझुंगा,समझूंगा
samjhungaa,समझुंगा,समझूंगा
saman,समन,समन
samanvayaka,समन्वयका,समन्वयक
samanwayaka,समन्वयका,समन्वयक
samnvyak,समन्वयक,समन्वयक
samaadhaan,समाधान,समाधान
samadhan,समाधन,समाधान
samadhiyon,समाधियों,समाधियों
samadjiyon,समद्जियों,समाधियों
samalakha,समलखा,समालखा
samalakhaa,समलखा,समालखा
samahaar,समहार,समाहार
samahar,समहार,समाहार
samitiyan,समितियां,समितियां
sametati,समेटेटी,समेटती
sametti,समेटी,समेटती
sarka,सरका,सरका
sarkaa,सरका,सरका
sarkarein,सरकरें,सरकारें
sarkaren,सरकरें,सरकारें
sarkaaron,सरकारों,सरकारों
sarkaron,सरकारों,सरकारों
sargana,सरगना,सरगना
sarganaon,सरगनाओं,सरगनाओं
sargi,सर्गी,सरगी
sarguja,सरगुजा,सरगुजा
sarjuga,सर्जुगा,सरगुजा
sarsa,सरसा,सरसा
sarsaa,सरसा,सरसा
sarahind,सराहिंड,सरहिंद
sarhind,सरहिंड,सरहिंद
sirhind,सिरहिंड,सरहिंद
saraaha,सराहा,सराहा
saraha,सराहा,सराहा
saraahi,सराही,सराही
sarahi,सराही,सराही
salaahkar,सलाहकर,सलाहकार
salahkaar,सलहकार,सलाहकार
salahkar,सलहकर,सलाहकार
saleeb,सलीब,सलीब
salib,सलीब,सलीब
select,सेलेक्ट,सलेक्ट
saltanat,साल्तनात,सल्तनत
saltnat,सालतनात,सल्तनत
savaal,सावाल,सवाल
saval,सावल,सवाल
sawaal,सवाल,सवाल
sawal,सावल,सवाल
sahakalaakar,सहकालाकार,सहकलाकार
sahakalakar,सहकालकार,सहकलाकार
sahkalakar,सहकालकर,सहकलाकार
sahadev,सहादेव,सहदेव
sahdev,सहदेव,सहदेव
sahrawat,सहरावत,सहरावत
sherawat,शेरावत,सहरावत
sahooliyata,सहूलियता,सहूलियत
sahuliyat,साहूलियत,सहूलियत
sahuuliyata,साहूलियता,सहूलियत
saanketika,सांकेतिका,सांकेतिक
sanketik,संकेतिक,सांकेतिक
saimans,सायमानस,साइमंस
simmons,सिम्नम,साइमंस
symons,सायमंस,साइमंस
saima,सायमा,साइमा
sagarika,सगरिका,सागरिका
sagrika,सगड़िका,सागरिका
saga,सगा,सागा
saajan,साजन,साजन
sajan,सजान,साजन
saajsajja,साजसज्जा,साजसज्जा
sajsajja,सजसंजा,साजसज्जा
saja,सजा,साजा
saathsaath,साथसाथ,साथसाथ
sathsath,साथसत्थ,साथसाथ
sathiya,साथिया,साथिया
saabah,साभाह,साबाह
sabah,सबाह,साबाह
samanjasy,समानजास्य,सामंजस्य
samanjasya,समानजास्य,सामंजस्य
samoa,सामो,सामोआ
samoaa,समोआ,सामोआ
saayn,सायन,सायं
sayan,सायन,सायं
saym,सायम,सायं
saira,सैरा,सायरा
sayara,सायरा,सायरा
sayra,सायरा,सायरा
salve,साल्वे,साल्वे
sahab,सहाब,साहब
singapore,सिंगापोर,सिंगापुर
singaar,सिंगार,सिंगार
singar,सिंगार,सिंगार
singer,सिंगर,सिंगार
singhaadey,सिंहादे,सिंघाड़े
singhade,सिंहड़े,सिंघाड़े
singhde,सिंहदे,सिंघाड़े
singhre,सिंहरे,सिंघाड़े
singhi,सिंही,सिंघी
singha,सिंहा,सिंहा
sinha,सिंहा,सिंहा
siera,सीरा,सिएरा
sierra,सीररा,सिएरा
sikud,सिकुड़,सिकुड़
signals,सिग्नल्स,सिगनल्स
cigaretton,सिगरेटों,सिगरेटों
cigretton,सिग्रेटों,सिगरेटों
siddhivat,सिद्धिवत,सिद्धवट
siddhvat,सिद्धवत,सिद्धवट
siddhwat,सिद्धवत,सिद्धवट
sinabang,सिनाबंग,सिनाबंग
synapse,सिनाप्स,सिनेप्स
sipah,सिपह,सिपाह
sipaha,सिपहा,सिपाह
sipahiyon,सिपहियों,सिपाहियों
sipahi,सिपही,सिपाही
sim,सीम,सिम
simat,सीमत,सिमट
simatataa,सीमताता,सिमटता
simatta,सीमतता,सिमटता
simtata,सिमता,सिमटता
simtataa,सिमता,सिमटता
cement,सीमेंट,सिमटे
simate,सीमते,सिमटे
simi,सीमी,सिमी
simmy,सीमी,सिमी
sims,सिम्स,सिम्स
siyasi,सियासी,सियासी
siyah,सियाह,सियाह
siyaha,सियाहा,सियाह
sirpur,सिरपुर,सिरपुर
sivan,सिवन,सिवान
siwan,सिवन,सिवान
sisva,सिस्व,सिसवा
siswa,सिस्व,सिसवा
cil,सील,सीआईएल
csi,सीसीआई,सीएसआई
sikar,सिकर,सीकर
seaten,सीटन,सीटें
sitaram,सीतारम,सीताराम
sitaharan,सीतहरण,सीताहरण
cpm,सीपीएम,सीपीएम
cps,सीपीएस,सीपीएस
cbse,सीबीज,सीबीएसई
seem,सीम,सीम
sim,सीम,सीम
sealed,सीलेड,सील्ड
shield,शील्ड,सील्ड
ccd,सीसीडी,सीसीडी
sugamata,सुगमता,सुगमता
sugmta,सुगमता,सुगमता
sujan,सुजन,सुजेन
sujen,सुजें,सुजेन
suken,सुकेन,सुजेन
sujain,सुजाएं,सुजैन
sujhaati,सुझाती,सुझाती
sujhati,सुझाती,सुझाती
sutali,सूताली,सुतली
sutli,सूतली,सुतली
suta,सूता,सुता
sdueep,स्दुईप,सुदीप
sudip,सुदीप,सुदीप
sudhaargrah,सुधारग्रह,सुधारगृह
sudhargrih,सुधरग्रिह,सुधारगृह
sudhargruh,सुधरग्र्ह,सुधारगृह
sunaaron,सुनारों,सुनारों
sunaron,सुनारों,सुनारों
sunaseer,सुनसीर,सुनासीर
sunasir,सुनासिर,सुनासीर
suneeti,सुनीति,सुनीति
suniti,सुनीती,सुनीति
sunega,सुनेगा,सुनेगा
suneyga,सुनेगा,सुनेगा
superhit,सुपरहित,सुपरहिट
supachy,सुपच्च्य,सुपाच्य
supachya,सुपच्चा,सुपाच्य
supachye,सुपच्य,सुपाच्य
subhaay,सुभाय,सुभाय
subhay,सुभाय,सुभाय
surveen,सर्वीन,सुरवीन
survin,सर्वाई,सुरवीन
surana,सुरना,सुराणा
sulkhan,सुखं,सुलखान
suljaayi,सुलजाई,सुलझाई
suljayi,सुलजाई,सुलझाई
suljhai,सुलझाई,सुलझाई
sulzai,सुलझाई,सुलझाई
sultana,सुल्ताना,सुलताना
sulaati,सुलाती,सुलाती
sulati,सुलती,सुलाती
susanskrit,सुसंस्कृत,सुसंस्कृत
susanskrut,सुसंस्कृत,सुसंस्कृत
suhagin,सुहागिन,सुहागिन
soond,सूंद,सूंड़
sund,सुंड,सूंड़
suiyan,सूईयन,सूइयां
sukhati,सुखती,सूखती
sukhti,सुखती,सूखती
sukhakar,सुखाकर,सूखाकर
soochak,सूचक,सूचक
suchak,सुचाक,सूचक
sooja,सूजा,सूजा
suja,सुजा,सूजा
suba,सबा,सूबा
sube,सुबे,सूबे
sooraj,सूराज,सूरज
suraj,सुराज,सूरज
surinaam,सुरिनाम,सूरीनाम
surinama,सुरिनामा,सूरीनाम
suriname,सुरिनामे,सूरीनाम
suryadev,सूर्यादेव,सूर्यदेव
sendha,सेंधा,सेंधा
senvai,सेंवाई,सेंवई
sevai,सेवाई,सेंवई
sensing,सेंसिंग,सेंसिंग
sexual,सेक्सुअल,सेक्सुअल
saturday,सतुर्द्य,सेटरडे
seti,सेती,सेटी
seto,सेटो,सेटो
seth,सेठ,सेथ
safety,सफ़त्य,सेफ्टी
semen,सेमेन,सेमिन
semin,सेमिन,सेमिन
self,सेल्फ,सेल्फ
selfie,सेल्फी,सेल्फी
save,सेव,सेव
sev,सेव,सेव
sevakon,सेवकों,सेवकों
sevkon,सेवकों,सेवकों
samuels,सामुएल्स,सैम्युल्स
celery,सेलरी,सैलरी
salary,सालारी,सैलरी
sakar,सकर,सॉकर
socar,सोकार,सॉकर
soccer,सोक्क्र,सॉकर
songs,सोंज्स,सॉन्ग्स
solicitor,सोलिसिटर,सॉलिसिटर
sochane,सोचने,सोचने
sochne,सोचने,सोचने
sonu,सोनु,सोनू
soma,सोमा,सोमा
spma,स्पमा,सोमा
somi,सोमी,सोमी
soy,सोए,सोय
soya,सोया,सोया
solitaire,सोलिटायर,सोलिटेयर
soharai,सोहराई,सोहराई
sohrai,सोहराई,सोहराई
sohaval,सोहावल,सोहावल
sohawal,सोहावल,सोहावल
saunpane,सौंपने,सौंपने
sonpne,सौंपने,सौंपने
scala,स्केला,स्काला
skala,स्कला,स्काला
ski,स्की,स्की
scootaron,स्कूरें,स्कूटरों
scooteron,स्कूटेरों,स्कूटरों
skootaron,स्कूटरों,स्कूटरों
scandinavia,स्कैंडिनाविया,स्कैंडिनेविया
scaining,स्केनिंग,स्कैनिंग
scanning,स्कैनिंग,स्कैनिंग
squash,स्क्वाश,स्क्वाश
squash,स्क्वाश,स्क्वैश
skhalan,स्खलन,स्खलन
stain,स्टेन,स्टैन
stan,स्टन,स्टैन
stop,स्टॉप,स्टॉप
stops,स्टॉप्स,स्टॉप्स
stone,स्टोन,स्टोन
straws,स्त्राइज,स्ट्रास
stress,स्ट्रेस,स्ट्रास
stra,स्त्रा,स्ट्रे
stray,स्त्रे,स्ट्रे
stre,स्ट्रे,स्ट्रे
strocks,स्त्रॉक्स,स्ट्रोक्स
strokes,स्त्रोक्स,स्ट्रोक्स
stan,स्टन,स्तन
stanadhari,स्तनधारी,स्तनधारी
standhaari,स्टैंधारी,स्तनधारी
standhari,स्टैंधारी,स्तनधारी
sthiti,स्थैति,स्तिथि
stithi,स्तिथि,स्तिथि
stuti,स्तूटी,स्तुति
sthitiyaan,स्थैतियां,स्थितियां
sthitiyan,स्थैतियां,स्थितियां
sthitiyon,स्थैतियों,स्थितियों
sthool,स्थूल,स्थूल
sthul,स्थुल,स्थूल
sthoolta,स्थूलता,स्थूलता
sthulata,स्थुलता,स्थूलता
sneakers,स्नेकर्स,स्नीकर्स
snickers,स्निकर्स,स्नीकर्स
snikarse,स्निकरस,स्नीकर्स
spear,स्पियर,स्पीयर
spell,स्पेल,स्पेल
spelar,स्पेलर,स्पेलर
speller,स्पेलर,स्पेलर
sprint,स्प्रिंट,स्प्रिट
sprit,स्प्रित,स्प्रिट
spray,स्प्रे,स्प्रे
spry,स्प्री,स्प्रे
sfoorti,स्फूर्ती,स्फूर्ति
sfurti,स्फूर्ती,स्फूर्ति
sphoorti,स्फूर्ती,स्फूर्ति
slide,स्लीदे,स्लाइड
slider,स्लीदर,स्लाइडर
slaaidon,स्लाइड़ों,स्लाइडों
slidon,स्लीडन,स्लाइडों
sliders,स्लीदर्स,स्लाइड्स
slides,स्लीदेस,स्लाइड्स
slice,स्लीस,स्लाइस
slash,स्लैश,स्लैश
swaroopon,स्वरूपों,स्वरुपों
swarupon,स्वरूपों,स्वरुपों
swa,स्व,स्वा
swaachaalit,स्वाचालित,स्वाचालित
swachalit,स्वचालित,स्वाचालित
swaarthparak,स्वार्थपरक,स्वार्थपरक
swarthparak,स्वार्थपरक,स्वार्थपरक
swiftlate,स्विफ्टलेट,स्विफ्टलेट
swiftlet,स्विफ्टलेट,स्विफ्टलेट
sweekarte,स्वीकारते,स्वीकारते
swikarte,स्वीकारते,स्वीकारते
sweet,स्वीत,स्वीट
sweep,स्वीप,स्वीप
sweccha,स्वेच्छा,स्वेच्छा
swecha,स्वेचा,स्वेच्छा
swechha,स्वेच्छ,स्वेच्छा
sweta,स्वेता,स्वेता
swap,स्वप,स्वैप
swipe,स्वीपे,स्वैप
handiya,हैंडिया,हंडिया
handiyaa,हैंडिया,हंडिया
hundiya,हंडिया,हंडिया
hakikat,हाकिकत,हकीकत
haqeeqat,हकीकत,हकीकत
hathiya,हथिया,हथिया
hamala,हमला,हमला
hamla,हमला,हमला
hamalavar,हमलावर,हमलावर
hamlavar,हमलावर,हमलावर
humlavar,हमलावर,हमलावर
hamaal,हमाल,हमाल
hamal,हमल,हमाल
hercules,हर्कूल्स,हरक्यूलिस
hardas,हारदास,हरदास
harpaal,हारपाल,हरपाल
harpal,हारपाल,हरपाल
harvansh,हावरश,हरवंश
haraval,हरावल,हरावल
harawal,हरावल,हरावल
hurricane,हर्रिकेन,हरिकेन
harijan,हरिजन,हरिजन
hariyali,हरियाली,हरियाली
harshit,हर्षित,हर्षित
haldi,हल्डी,हल्दी
halla,हॉला,हल्ला
hawamahal,हवामाहल,हवामहल
hawalaat,हवालात,हवालात
hawalat,हवालात,हवालात
hasino,हासिनो,हसीनों
hasinon,हासिनों,हसीनों
haan,हान,हां
han,हान,हां
haanfte,हानफते,हांफते
hafate,हफते,हांफते
hanfte,हैनफटे,हांफते
higman,हाइग्मान,हाइमन
hymen,हायमेन,हाइमन
hadauti,हाड़तु,हाड़ौती
haani,हानी,हानी
hani,हानि,हानी
haarjeet,हार्जीत,हारजीत
harjeet,हरजीत,हारजीत
haaranaa,हारना,हारना
harana,हराना,हारना
harna,हरना,हारना
haalchaal,हालचाल,हालचाल
haalchal,हालचल,हालचाल
halchaal,हलचाल,हालचाल
halchal,हलचल,हालचाल
halt,हल्ट,हाल्ट
hault,हौल्ट,हाल्ट
hahakar,हहकर,हाहाकार
hingis,हींगिस,हिंगिस
hindan,हिंदन,हिंडन
hindon,हिंदों,हिंडन
hijada,हिजड़ा,हिजड़ा
hijda,हिजड़ा,हिजड़ा
hijbul,हिजबुल,हिजबुल
hippo,हिप्पो,हिप्पो
hippopotamus,हिप्पॉपोटमुस,हिप्पोपोटेमस
himali,हिमाली,हिमाली
hilane,हिलने,हिलने
hilne,हिलने,हिलने
hisham,हिशम,हिशाम
heeraganj,हीरगंज,हीरागंज
hiraganj,हिरागंज,हीरागंज
heroes,हेरोस,हीरोज
heros,हेरोस,हीरोज
hui,हुई,हुईं
huin,हुईन,हुईं
hooper,हुपर,हूपर
huppar,हपिपर,हूपर
hupper,हप्पर,हूपर
hegde,हेगड,हेगडे
hemvati,हेमवती,हेमवती
hemwati,हेमवती,हेमवती
help,हेल्प,हेल्प
helper,हेल्पर,हेल्पर
haito,हैटो,हैतो
hairam,हैराम,हैरम
harem,हरेम,हैरम
herald,हेरॉल्ड,हैराल्ड
haive,हैवे,हैव
have,हवे,हैव
hong,होंग,हॉन्ग
half,हाफ,हॉफ
hoaf,होफ,हॉफ
hounga,हाउंगा,होऊंगा
holding,होल्डिंग,होल्डिंग
hoshangabaad,होषंगाबाद,होशंगाबाद
hoshangabad,होषंगाबाद,होशंगाबाद
hostes,होस्ट्स,होस्टेस
hostess,होस्टेस,होस्टेस
